anio,semana_epi,casos,n_obs_base,anios_presentes_base,cumple_piso_suficiencia,corte_inferior_base,corte_superior_base,etiqueta_riesgo,temp_max_lag1,temp_max_lag2,temp_max_media_movil4,temp_min_lag1,temp_min_lag2,temp_min_media_movil4,temp_media_lag1,temp_media_lag2,temp_media_media_movil4,humedad_relativa_media_lag1,humedad_relativa_media_lag2,humedad_relativa_media_media_movil4,punto_rocio_lag1,punto_rocio_lag2,punto_rocio_media_movil4,precipitation_sum_lag1,precipitation_sum_lag2,precipitation_sum_media_movil4,precipitation_hours_lag1,precipitation_hours_lag2,precipitation_hours_media_movil4
2018,2,0.0,12,4,True,141.25,158.2,bajo,30.70792857142857,31.348,30.77167857142857,19.90714285714286,20.451,19.778285714285715,24.393857142857144,25.261214285714285,24.578339285714286,54.816428571428574,56.42857142857143,57.13516071428572,14.014214285714285,15.306,14.837946428571428,0.03571428571428571,0.07142857142857142,0.08392857142857142,0.14285714285714285,0.5,0.6607142857142857
2018,3,58.0,12,4,True,147.25,158.2,bajo,30.507142857142856,30.70792857142857,31.208910714285715,18.0725,19.90714285714286,19.78469642857143,23.684714285714286,24.393857142857144,24.81075,56.061214285714286,54.816428571428574,56.867339285714294,13.457214285714286,14.014214285714285,14.876750000000001,0.0,0.03571428571428571,0.06607142857142857,0.0,0.14285714285714285,0.5
2018,4,70.0,12,4,True,150.25,163.6,bajo,28.536785714285713,30.507142857142856,30.274964285714283,18.44392857142857,18.0725,19.218642857142857,22.47342857142857,23.684714285714286,23.95330357142857,52.193714285714286,56.061214285714286,54.87498214285715,11.732714285714286,13.457214285714286,13.627535714285715,0.014285714285714285,0.0,0.030357142857142857,0.07142857142857142,0.0,0.17857142857142855
2018,5,78.0,12,4,True,153.5,164.6,bajo,32.357214285714285,28.536785714285713,30.52726785714286,21.194928571428573,18.44392857142857,19.404625000000003,26.094,22.47342857142857,24.161499999999997,56.79571428571428,52.193714285714286,54.966767857142855,16.058214285714286,11.732714285714286,13.815589285714285,1.292857142857143,0.014285714285714285,0.33571428571428574,3.9285714285714284,0.07142857142857142,1.0357142857142856
2018,6,81.0,12,4,True,162.0,170.4,bajo,32.314214285714286,32.357214285714285,30.928839285714282,21.11542857142857,21.194928571428573,19.70669642857143,25.919357142857145,26.094,24.542875000000002,55.83657142857143,56.79571428571428,55.22180357142857,15.680642857142857,16.058214285714286,14.232196428571429,0.22142857142857142,1.292857142857143,0.3821428571428571,1.2142857142857142,3.9285714285714284,1.3035714285714286
2018,7,85.0,12,4,True,163.5,172.8,bajo,32.70392857142857,32.314214285714286,31.478035714285717,21.037785714285715,21.11542857142857,20.448017857142858,26.4205,25.919357142857145,25.22682142857143,54.45928571428571,55.83657142857143,54.82132142857142,15.435714285714285,15.680642857142857,14.726821428571428,0.30714285714285716,0.22142857142857142,0.4589285714285714,1.1428571428571428,1.2142857142857142,1.5892857142857144
2018,8,87.0,12,4,True,162.75,203.4,bajo,32.801,32.70392857142857,32.54408928571429,20.753071428571428,21.037785714285715,21.025303571428573,26.297,26.4205,26.182714285714287,52.663357142857144,54.45928571428571,54.93873214285714,14.601,15.435714285714285,15.443892857142856,0.02857142857142857,0.30714285714285716,0.46249999999999997,0.2857142857142857,1.1428571428571428,1.6428571428571426
2018,9,96.0,12,4,True,178.5,216.9,bajo,32.892785714285715,32.801,32.67798214285715,21.0285,20.753071428571428,20.983696428571427,26.542928571428572,26.297,26.29494642857143,53.00007142857143,52.663357142857144,53.98982142857143,14.861214285714286,14.601,15.144642857142856,0.5071428571428571,0.02857142857142857,0.26607142857142857,2.142857142857143,0.2857142857142857,1.1964285714285712
2018,10,49.0,12,4,True,193.5,266.40000000000003,bajo,32.19092857142857,32.892785714285715,32.64716071428571,20.381714285714285,21.0285,20.800267857142856,25.8255,26.542928571428572,26.271482142857145,56.367285714285714,53.00007142857143,54.1225,15.237785714285714,14.861214285714286,15.033928571428572,0.9357142857142857,0.5071428571428571,0.4446428571428571,3.7857142857142856,2.142857142857143,1.8392857142857142
2018,11,78.0,12,4,True,210.0,348.6,bajo,33.63485714285714,32.19092857142857,32.87989285714286,19.542857142857144,20.381714285714285,20.426535714285713,26.055142857142858,25.8255,26.180142857142858,53.16321428571428,56.367285714285714,53.79848214285714,14.121428571428572,15.237785714285714,14.705357142857144,0.0,0.9357142857142857,0.3678571428571429,0.0,3.7857142857142856,1.5535714285714284
2018,12,68.0,12,4,True,238.5,369.6,bajo,34.240785714285714,33.63485714285714,33.23983928571428,22.310214285714284,19.542857142857144,20.81582142857143,27.641642857142855,26.055142857142858,26.516303571428573,58.5715,53.16321428571428,55.27551785714286,17.725571428571428,14.121428571428572,15.4865,1.85,0.0,0.8232142857142857,6.142857142857143,0.0,3.0178571428571432
2018,13,68.0,12,4,True,242.0,389.9,bajo,34.08978571428572,34.240785714285714,33.53908928571428,22.154071428571427,22.310214285714284,21.097214285714283,27.360214285714285,27.641642857142855,26.720625,56.091928571428575,58.5715,56.04848214285714,16.537714285714287,17.725571428571428,15.905625,0.30714285714285716,1.85,0.7732142857142856,1.3571428571428572,6.142857142857143,2.8214285714285716
2018,14,81.0,12,4,True,247.25,401.0,bajo,34.1235,34.08978571428572,34.02223214285714,22.595785714285714,22.154071428571427,21.65073214285714,27.742857142857144,27.360214285714285,27.199964285714284,55.46942857142857,56.091928571428575,55.82401785714286,16.781785714285714,16.537714285714287,16.291625,0.9571428571428572,0.30714285714285716,0.7785714285714287,4.642857142857143,1.3571428571428572,3.0357142857142856
2018,15,81.0,12,4,True,222.5,428.0,bajo,31.119357142857144,34.1235,33.39335714285715,21.985642857142857,22.595785714285714,22.261428571428567,26.01107142857143,27.742857142857144,27.188946428571427,63.714214285714284,55.46942857142857,58.46176785714286,17.786714285714286,16.781785714285714,17.20794642857143,7.742857142857143,0.9571428571428572,2.7142857142857144,25.071428571428573,4.642857142857143,9.303571428571429
2018,16,92.0,12,4,True,234.75,506.70000000000005,bajo,30.419428571428572,31.119357142857144,32.43801785714286,22.154071428571427,21.985642857142857,22.222392857142857,25.722428571428573,26.01107142857143,26.709142857142858,71.78578571428571,63.714214285714284,61.76533928571428,19.762285714285714,17.786714285714286,17.717125,27.428571428571427,7.742857142857143,9.10892857142857,37.857142857142854,25.071428571428573,17.232142857142858
2018,17,75.0,12,4,True,277.25,543.8,bajo,33.152142857142856,30.419428571428572,32.203607142857145,22.356142857142856,22.154071428571427,22.272910714285715,27.250071428571427,25.722428571428573,26.681607142857146,56.81628571428571,71.78578571428571,61.94642857142857,17.149142857142856,19.762285714285714,17.86998214285714,2.3142857142857145,27.428571428571427,9.610714285714286,4.5,37.857142857142854,18.017857142857142
2018,18,88.0,12,4,True,272.25,541.8000000000001,bajo,32.338857142857144,33.152142857142856,31.757446428571427,23.234714285714286,22.356142857142856,22.43264285714286,27.094785714285713,27.250071428571427,26.51958928571429,69.03071428571428,56.81628571428571,65.33675,20.298928571428572,17.149142857142856,18.749267857142858,36.4,2.3142857142857145,18.47142857142857,43.857142857142854,4.5,27.82142857142857
2018,19,109.0,12,4,True,283.25,484.1,bajo,32.11635714285714,32.338857142857144,32.00669642857143,23.159214285714285,23.234714285714286,22.726035714285715,27.12242857142857,27.094785714285713,26.79742857142857,68.26528571428571,69.03071428571428,66.47451785714286,20.148071428571427,20.298928571428572,19.339607142857144,18.764285714285716,36.4,21.226785714285715,26.285714285714285,43.857142857142854,28.125
2018,20,100.0,12,4,True,307.25,484.1,bajo,31.049,32.11635714285714,32.16408928571428,22.25,23.159214285714285,22.750017857142858,26.086642857142856,27.12242857142857,26.888482142857143,71.16328571428572,68.26528571428571,66.31889285714286,19.837714285714284,20.148071428571427,19.358464285714284,46.15714285714286,18.764285714285716,25.90892857142857,44.285714285714285,26.285714285714285,29.732142857142854
2018,21,126.0,12,4,True,307.25,566.9000000000001,bajo,29.203,31.049,31.17680357142857,21.6695,22.25,22.578357142857143,24.7755,26.086642857142856,26.269839285714284,83.18371428571429,71.16328571428572,72.91075000000001,21.52557142857143,19.837714285714284,20.452571428571428,77.64285714285714,46.15714285714286,44.74107142857143,80.42857142857143,44.285714285714285,48.71428571428571
2018,22,128.0,12,4,True,407.0,615.8,bajo,28.911142857142856,29.203,30.319874999999996,21.897,21.6695,22.24392857142857,24.646857142857144,24.7755,25.657857142857143,84.66321428571429,83.18371428571429,76.818875,21.687714285714286,21.52557142857143,20.799767857142854,81.17857142857143,77.64285714285714,55.93571428571428,91.85714285714286,80.42857142857143,60.714285714285715
2018,23,149.0,12,4,True,414.25,607.9000000000001,bajo,28.52857142857143,28.911142857142856,29.422928571428567,22.081642857142857,21.897,21.97453571428571,24.663357142857144,24.646857142857144,25.043089285714288,84.34692857142858,84.66321428571429,80.83928571428572,21.678642857142858,21.687714285714286,21.182410714285712,52.67142857142857,81.17857142857143,64.4125,76.64285714285714,91.85714285714286,73.30357142857143
2018,24,158.0,12,4,True,463.75,534.1,bajo,29.331642857142857,28.52857142857143,28.993589285714283,22.313285714285715,22.081642857142857,21.990357142857142,25.222571428571428,24.663357142857144,24.82707142857143,81.72442857142858,84.34692857142858,83.47957142857143,21.6295,21.678642857142858,21.630357142857143,53.59285714285714,52.67142857142857,66.27142857142857,51.07142857142857,76.64285714285714,75.0
2018,25,161.0,12,4,True,515.25,571.2,bajo,28.50407142857143,29.331642857142857,28.81885714285714,21.82042857142857,22.313285714285715,22.028089285714287,24.408214285714287,25.222571428571428,24.73525,84.64292857142857,81.72442857142858,83.844375,21.463142857142856,21.6295,21.61475,76.82857142857142,53.59285714285714,66.06785714285714,76.78571428571429,51.07142857142857,74.08928571428571
2018,26,152.0,12,4,True,546.5,702.8000000000001,bajo,28.467285714285715,28.50407142857143,28.70789285714286,21.567285714285713,21.82042857142857,21.945660714285715,24.615285714285715,24.408214285714287,24.727357142857144,84.02042857142857,84.64292857142857,83.68367857142857,21.559285714285714,21.463142857142856,21.582642857142858,38.67142857142857,76.82857142857142,55.441071428571426,52.285714285714285,76.78571428571429,64.19642857142857
2018,27,157.0,12,4,True,610.5,900.6000000000001,bajo,29.898,28.467285714285715,29.05025,21.72957142857143,21.567285714285713,21.85764285714286,25.38264285714286,24.615285714285715,24.90717857142857,77.949,84.02042857142857,82.08419642857143,20.86542857142857,21.559285714285714,21.379339285714284,30.992857142857144,38.67142857142857,50.02142857142857,30.142857142857142,52.285714285714285,52.57142857142857
2018,28,163.0,12,4,True,632.25,1021.8000000000001,bajo,30.925428571428572,29.898,29.448696428571427,22.001142857142856,21.72957142857143,21.77960714285714,26.026714285714284,25.38264285714286,25.108214285714283,72.08164285714285,77.949,79.6735,20.1215,20.86542857142857,21.002339285714285,10.514285714285714,30.992857142857144,39.25178571428571,17.428571428571427,30.142857142857142,44.160714285714285
2018,29,222.0,12,4,True,660.25,1184.2,bajo,32.302,30.925428571428572,30.398178571428573,22.045857142857145,22.001142857142856,21.835964285714287,26.750071428571427,26.026714285714284,25.69367857142857,65.7755,72.08164285714285,74.95664285714287,19.15607142857143,20.1215,20.42557142857143,5.05,10.514285714285714,21.307142857142857,7.857142857142857,17.428571428571427,26.92857142857143
2018,30,255.0,12,4,True,514.75,1132.9,bajo,33.204,32.302,31.58235714285714,22.503,22.045857142857145,22.069892857142857,27.364285714285714,26.750071428571427,26.380928571428573,62.857142857142854,65.7755,69.66582142857142,18.89485714285714,19.15607142857143,19.759464285714287,5.692857142857143,5.05,13.0625,9.071428571428571,7.857142857142857,16.125
2018,31,200.0,12,4,True,491.25,1377.0000000000005,bajo,32.869285714285716,33.204,32.32517857142857,23.123428571428573,22.503,22.418357142857143,27.496928571428572,27.364285714285714,26.909499999999998,66.93871428571428,62.857142857142854,66.91324999999999,20.048,18.89485714285714,19.555107142857143,13.9,5.692857142857143,8.789285714285715,23.642857142857142,9.071428571428571,14.5
2018,32,270.0,12,4,True,478.75,1063.6000000000004,bajo,30.372357142857144,32.869285714285716,32.186910714285716,22.260285714285715,23.123428571428573,22.48314285714286,25.59992857142857,27.496928571428572,26.80280357142857,77.33664285714286,66.93871428571428,68.227,20.972428571428573,20.048,19.767839285714288,55.76428571428571,13.9,20.101785714285715,54.714285714285715,23.642857142857142,23.82142857142857
2018,33,243.0,12,4,True,617.25,1167.6,bajo,32.386785714285715,30.372357142857144,32.208107142857145,22.277571428571427,22.260285714285715,22.541071428571428,26.71542857142857,25.59992857142857,26.794142857142855,69.40807142857143,77.33664285714286,69.13514285714285,19.986785714285713,20.972428571428573,19.975517857142854,13.42142857142857,55.76428571428571,22.19464285714286,16.571428571428573,54.714285714285715,26.0
2018,34,297.0,12,4,True,617.25,1167.6,bajo,31.715357142857144,32.386785714285715,31.83594642857143,22.381714285714285,22.277571428571427,22.51075,26.27357142857143,26.71542857142857,26.521464285714288,72.44892857142857,69.40807142857143,71.53308928571428,20.384785714285716,19.986785714285713,20.348,30.664285714285715,13.42142857142857,28.4375,34.142857142857146,16.571428571428573,32.267857142857146
2018,35,303.0,12,4,True,557.75,1282.7,bajo,32.02557142857143,31.715357142857144,31.625017857142858,22.610285714285713,22.381714285714285,22.382464285714285,26.622357142857144,26.27357142857143,26.302821428571427,71.83671428571428,72.44892857142857,72.75758928571427,20.558071428571427,20.384785714285716,20.475517857142854,30.09285714285714,30.664285714285715,32.48571428571428,33.285714285714285,34.142857142857146,34.67857142857143
2018,36,329.0,12,4,True,561.0,1288.8,bajo,30.941857142857142,32.02557142857143,31.76739285714286,22.018428571428572,22.610285714285713,22.322,25.665357142857143,26.622357142857144,26.319178571428573,76.59185714285714,71.83671428571428,72.57139285714285,20.752928571428573,20.558071428571427,20.420642857142855,42.94285714285714,30.09285714285714,29.28035714285714,40.357142857142854,33.285714285714285,31.089285714285715
2018,37,390.0,12,4,True,543.5,1226.0,bajo,29.8665,30.941857142857142,31.13732142857143,21.7275,22.018428571428572,22.184482142857142,25.058071428571427,25.665357142857143,25.904839285714285,80.898,76.59185714285714,75.44387499999999,21.2295,20.752928571428573,20.73132142857143,79.66428571428571,42.94285714285714,45.841071428571425,69.21428571428571,40.357142857142854,44.25
2018,38,319.0,12,4,True,478.25,1157.9,bajo,28.327571428571428,29.8665,30.290375,21.699,21.7275,22.01380357142857,24.457142857142856,25.058071428571427,25.45073214285714,84.57142857142857,80.898,78.47449999999999,21.5265,21.2295,21.016750000000002,43.535714285714285,79.66428571428571,49.05892857142857,64.5,69.21428571428571,51.83928571428571
2018,39,333.0,12,4,True,434.75,1102.1000000000001,bajo,30.318357142857142,28.327571428571428,29.863571428571426,22.170428571428573,21.699,21.903839285714287,25.392785714285715,24.457142857142856,25.143339285714283,80.88792857142857,84.57142857142857,80.73730357142857,21.568357142857142,21.5265,21.269321428571427,62.57857142857143,43.535714285714285,57.18035714285714,51.92857142857143,64.5,56.5
2018,40,302.0,12,4,True,420.0,1007.1,bajo,29.913214285714286,30.318357142857142,29.606410714285715,21.928642857142858,22.170428571428573,21.88139285714286,25.068285714285715,25.392785714285715,24.994071428571424,81.15314285714285,80.88792857142857,81.877625,21.282642857142857,21.568357142857142,21.40175,53.07142857142857,62.57857142857143,59.71249999999999,60.714285714285715,51.92857142857143,61.58928571428572
2018,41,232.0,12,4,True,356.75,928.7,bajo,28.393857142857144,29.913214285714286,29.23825,21.84492857142857,21.928642857142858,21.91075,24.489714285714285,25.068285714285715,24.851982142857143,83.14285714285714,81.15314285714285,82.43883928571428,21.142714285714284,21.282642857142857,21.38005357142857,143.55,53.07142857142857,75.68392857142857,79.14285714285714,60.714285714285715,64.07142857142857
2018,42,197.0,12,4,True,300.5,693.2,bajo,26.071428571428573,28.393857142857144,28.674214285714285,21.2,21.84492857142857,21.786,23.126428571428573,24.489714285714285,24.519303571428573,90.76535714285714,83.14285714285714,83.98732142857142,21.431714285714285,21.142714285714284,21.356357142857142,122.44285714285714,143.55,95.41071428571429,105.64285714285714,79.14285714285714,74.35714285714286
2018,43,265.0,12,4,True,288.25,618.1,bajo,26.243928571428572,26.071428571428573,27.655607142857143,21.245,21.2,21.55464285714286,23.163071428571428,23.126428571428573,23.961875,90.85714285714286,90.76535714285714,86.479625,21.50614285714286,21.431714285714285,21.34080357142857,152.69285714285715,122.44285714285714,117.93928571428572,116.28571428571429,105.64285714285714,90.44642857142857
2018,44,252.0,12,4,True,249.0,561.0,medio,28.909285714285716,26.243928571428572,27.404625,21.24792857142857,21.245,21.384464285714287,24.648142857142858,23.163071428571428,23.856839285714287,80.92857142857143,90.85714285714286,86.42348214285715,20.904,21.50614285714286,21.246142857142857,13.057142857142857,152.69285714285715,107.9357142857143,20.714285714285715,116.28571428571429,80.44642857142857
2018,45,256.0,12,4,True,228.75,445.8,medio,28.964214285714284,28.909285714285716,27.54721428571429,21.092785714285714,21.24792857142857,21.19642857142857,24.6255,24.648142857142858,23.890785714285716,79.70407142857142,80.92857142857143,85.56378571428571,20.641785714285714,20.904,21.120910714285714,15.82857142857143,13.057142857142857,76.00535714285715,28.0,20.714285714285715,67.66071428571429
2018,46,240.0,12,4,True,185.0,429.80000000000007,medio,29.009214285714286,28.964214285714284,28.281660714285714,21.435714285714287,21.092785714285714,21.255357142857143,24.849071428571428,24.6255,24.321446428571427,79.01028571428571,79.70407142857142,82.62501785714285,20.65192857142857,20.641785714285714,20.925964285714286,16.114285714285714,15.82857142857143,49.42321428571428,28.071428571428573,28.0,48.267857142857146
2018,47,192.0,12,4,True,166.0,295.90000000000003,medio,29.637714285714285,29.009214285714286,29.130107142857142,20.24892857142857,21.435714285714287,21.006339285714283,24.342785714285714,24.849071428571428,24.616375,67.12242857142857,79.01028571428571,76.69133928571429,17.445785714285716,20.65192857142857,19.910875,0.1,16.114285714285714,11.275,0.7857142857142857,28.071428571428573,19.392857142857146
2018,48,144.0,12,4,True,176.0,239.3,bajo,31.05607142857143,29.637714285714285,29.66680357142857,21.167428571428573,20.24892857142857,20.986214285714286,25.616357142857144,24.342785714285714,24.85842857142857,69.2755,67.12242857142857,73.77807142857142,19.090785714285715,17.445785714285716,19.45757142857143,0.32857142857142857,0.1,8.092857142857143,0.9285714285714286,0.7857142857142857,14.446428571428571
2018,49,164.0,12,4,True,176.0,235.70000000000002,bajo,30.269571428571428,31.05607142857143,29.993142857142857,21.321571428571428,21.167428571428573,21.043410714285717,25.360214285714285,25.616357142857144,25.04210714285714,71.61228571428572,69.2755,71.75512499999999,19.314214285714286,19.090785714285715,19.125678571428573,5.392857142857143,0.32857142857142857,5.483928571428572,13.5,0.9285714285714286,10.821428571428571
2018,50,109.0,12,4,True,171.5,222.20000000000002,bajo,31.012357142857145,30.269571428571428,30.49392857142857,20.481571428571428,21.321571428571428,20.804875,25.318357142857142,25.360214285714285,25.15942857142857,65.70421428571429,71.61228571428572,68.42860714285715,17.669428571428572,19.314214285714286,18.380053571428572,0.35714285714285715,5.392857142857143,1.5446428571428572,1.5714285714285714,13.5,4.196428571428572
2018,51,85.0,12,4,True,143.5,200.8,bajo,30.15192857142857,31.012357142857145,30.62248214285714,19.760285714285715,20.481571428571428,20.682714285714287,24.390785714285716,25.318357142857142,25.17142857142857,62.03057142857143,65.70421428571429,67.15564285714285,16.036857142857144,17.669428571428572,18.02782142857143,0.10714285714285714,0.35714285714285715,1.5464285714285713,0.42857142857142855,1.5714285714285714,4.107142857142857
2019,2,131.0,12,4,True,116.5,158.2,medio,32.958285714285715,31.516285714285715,31.005607142857144,20.088785714285713,20.1245,19.664321428571427,25.944857142857142,25.238714285714284,24.732357142857143,57.41835714285714,59.785642857142854,59.130071428571426,15.689714285714286,16.027571428571427,15.35919642857143,0.014285714285714285,0.0,0.053571428571428575,0.14285714285714285,0.0,0.30357142857142855
2019,3,138.0,12,4,True,98.75,157.70000000000002,medio,30.940857142857144,32.958285714285715,31.202839285714283,20.09492857142857,20.088785714285713,19.747982142857143,24.895071428571427,25.944857142857142,24.858428571428572,58.18371428571429,57.41835714285714,58.16835714285715,15.425428571428572,15.689714285714286,15.206339285714286,0.9214285714285714,0.014285714285714285,0.2571428571428571,3.0,0.14285714285714285,0.9464285714285714
2019,4,151.0,12,4,True,103.25,149.6,alto,32.08671428571429,30.940857142857144,31.875535714285718,20.39592857142857,20.09492857142857,20.176035714285714,25.4815,24.895071428571427,25.390035714285712,56.765214285714286,58.18371428571429,58.03823214285714,15.3235,15.425428571428572,15.616553571428572,0.02857142857142857,0.9214285714285714,0.24107142857142855,0.2857142857142857,3.0,0.8571428571428571
2019,5,165.0,12,4,True,103.25,149.6,alto,32.06014285714286,32.08671428571429,32.011500000000005,19.65307142857143,20.39592857142857,20.05817857142857,25.09792857142857,25.4815,25.354839285714284,56.24485714285714,56.765214285714286,57.153035714285714,14.823428571428572,15.3235,15.315517857142856,0.05714285714285714,0.02857142857142857,0.25535714285714284,0.2857142857142857,0.2857142857142857,0.9285714285714285
2019,6,161.0,12,4,True,111.0,168.9,medio,31.86942857142857,32.06014285714286,31.739285714285717,20.997857142857143,19.65307142857143,20.285446428571426,25.737785714285714,25.09792857142857,25.303071428571428,57.10207142857143,56.24485714285714,57.07396428571429,15.683642857142857,14.823428571428572,15.314,0.2857142857142857,0.05714285714285714,0.3232142857142857,1.8571428571428572,0.2857142857142857,1.3571428571428572
2019,7,150.0,12,4,True,116.25,172.8,medio,32.983642857142854,31.86942857142857,32.24998214285714,21.041857142857143,20.997857142857143,20.522178571428572,26.236714285714285,25.737785714285714,25.638482142857143,57.367357142857145,57.10207142857143,56.869875,15.954142857142857,15.683642857142857,15.446178571428572,0.11428571428571428,0.2857142857142857,0.12142857142857143,0.7142857142857143,1.8571428571428572,0.7857142857142858
2019,8,160.0,12,4,True,116.25,203.4,medio,32.64485714285714,32.983642857142854,32.389517857142856,20.771428571428572,21.041857142857143,20.616053571428573,26.083642857142856,26.236714285714285,25.78901785714286,58.66314285714286,57.367357142857145,57.34435714285715,16.338785714285713,15.954142857142857,15.7,0.44285714285714284,0.11428571428571428,0.22499999999999998,1.2857142857142858,0.7142857142857143,1.0357142857142858
2019,9,152.0,12,4,True,135.75,216.9,medio,31.9725,32.64485714285714,32.36760714285714,21.842785714285714,20.771428571428572,21.16348214285714,26.340785714285715,26.083642857142856,26.099732142857142,63.357142857142854,58.66314285714286,59.12242857142858,17.991714285714284,16.338785714285713,16.49207142857143,1.1857142857142857,0.44285714285714284,0.5071428571428571,5.714285714285714,1.2857142857142858,2.3928571428571432
2019,10,169.0,12,4,True,135.75,266.40000000000003,medio,33.15835714285714,31.9725,32.689839285714285,21.39185714285714,21.842785714285714,21.261982142857143,26.688785714285714,26.340785714285715,26.337482142857144,55.76542857142857,63.357142857142854,58.788267857142856,15.728571428571428,17.991714285714284,16.50330357142857,2.3214285714285716,1.1857142857142857,1.0160714285714287,4.428571428571429,5.714285714285714,3.0357142857142856
2019,11,189.0,12,4,True,152.25,348.6,medio,34.00714285714286,33.15835714285714,32.94571428571429,22.361142857142855,21.39185714285714,21.59180357142857,27.555071428571427,26.688785714285714,26.66707142857143,54.061214285714286,55.76542857142857,57.961732142857144,16.236857142857144,15.728571428571428,16.573982142857144,0.7357142857142858,2.3214285714285716,1.1714285714285715,4.285714285714286,4.428571428571429,3.928571428571429
2019,12,159.0,12,4,True,238.5,369.6,bajo,34.53364285714286,34.00714285714286,33.41791071428572,22.242785714285713,22.361142857142855,21.959642857142857,27.7775,27.555071428571427,27.090535714285714,52.80607142857143,54.061214285714286,56.49746428571429,15.890785714285714,16.236857142857144,16.461982142857142,0.09285714285714286,0.7357142857142858,1.0839285714285714,0.5,4.285714285714286,3.7321428571428568
2019,13,168.0,12,4,True,242.0,389.9,bajo,34.2265,34.53364285714286,33.981410714285715,21.22142857142857,22.242785714285713,21.804303571428573,27.161214285714287,27.7775,27.29564285714286,49.34685714285714,52.80607142857143,52.99489285714286,14.352,15.890785714285714,15.552053571428573,0.2857142857142857,0.09285714285714286,0.8589285714285715,0.42857142857142855,0.5,2.410714285714286
2019,14,166.0,12,4,True,247.25,401.0,bajo,34.119285714285716,34.2265,34.22164285714286,20.261214285714285,21.22142857142857,21.521642857142858,26.77242857142857,27.161214285714287,27.31655357142857,46.61214285714286,49.34685714285714,50.70657142857143,12.707071428571428,14.352,14.796678571428572,0.0,0.2857142857142857,0.2785714285714286,0.0,0.42857142857142855,1.3035714285714286
2019,15,150.0,12,4,True,186.5,428.0,bajo,33.49585714285714,34.119285714285716,34.09382142857143,22.971357142857144,20.261214285714285,21.674196428571427,27.582714285714285,26.77242857142857,27.323464285714284,58.357142857142854,46.61214285714286,51.78055357142857,17.652,12.707071428571428,15.150464285714285,8.285714285714286,0.0,2.1660714285714286,14.642857142857142,0.0,3.892857142857143
2019,16,128.0,12,4,True,196.5,506.70000000000005,bajo,31.659214285714285,33.49585714285714,33.375214285714286,22.475428571428573,22.971357142857144,21.732357142857147,26.521428571428572,27.582714285714285,27.00944642857143,68.81628571428571,58.357142857142854,55.78310714285715,19.691785714285714,17.652,16.100714285714286,9.778571428571428,8.285714285714286,4.5875,29.857142857142858,14.642857142857142,11.232142857142858
2019,17,169.0,12,4,True,231.5,543.8,bajo,33.03778571428571,31.659214285714285,33.07803571428571,23.25507142857143,22.475428571428573,22.240767857142856,27.660214285714286,26.521428571428572,27.13419642857143,60.867285714285714,68.81628571428571,58.66321428571428,18.542714285714286,19.691785714285714,17.148392857142856,5.635714285714286,9.778571428571428,5.925000000000001,18.142857142857142,29.857142857142858,15.660714285714285
2019,18,198.0,12,4,True,226.5,541.8000000000001,bajo,32.84578571428571,33.03778571428571,32.759660714285715,22.846,23.25507142857143,22.88696428571429,27.358214285714286,27.660214285714286,27.28064285714286,59.224642857142854,60.867285714285714,61.81633928571428,17.7225,18.542714285714286,18.40225,4.2214285714285715,5.635714285714286,6.980357142857144,14.642857142857142,18.142857142857142,19.32142857142857
2019,19,198.0,12,4,True,203.0,484.1,bajo,33.62571428571429,32.84578571428571,32.792125,23.741857142857143,22.846,23.079589285714288,27.990785714285714,27.358214285714286,27.382660714285713,64.61228571428572,59.224642857142854,63.380125,19.875357142857144,17.7225,18.958089285714284,28.064285714285713,4.2214285714285715,11.925,31.642857142857142,14.642857142857142,23.57142857142857
2019,20,249.0,12,4,True,203.0,484.1,medio,31.428642857142858,33.62571428571429,32.73448214285714,23.29792857142857,23.741857142857143,23.285214285714286,26.736714285714285,27.990785714285714,27.43648214285714,76.5205,64.61228571428572,65.30617857142857,21.932642857142856,19.875357142857144,19.51830357142857,36.09285714285714,28.064285714285713,18.503571428571426,52.142857142857146,31.642857142857142,29.142857142857146
2019,21,281.0,12,4,True,205.25,566.9000000000001,medio,30.0835,31.428642857142858,31.995910714285714,22.63457142857143,23.29792857142857,23.130089285714288,25.57242857142857,26.736714285714285,26.914535714285716,81.76528571428571,76.5205,70.53067857142857,21.972357142857142,21.932642857142856,20.375714285714288,67.17857142857143,36.09285714285714,33.88928571428572,69.42857142857143,52.142857142857146,41.964285714285715
2019,22,264.0,12,4,True,289.25,615.8,bajo,29.059214285714287,30.0835,31.04926785714286,22.262285714285714,22.63457142857143,22.984160714285714,24.733642857142858,25.57242857142857,26.258392857142855,84.89807142857143,81.76528571428571,76.94903571428571,21.84807142857143,21.972357142857142,21.407107142857143,163.65714285714284,67.17857142857143,73.74821428571428,94.21428571428571,69.42857142857143,61.85714285714286
2019,23,347.0,12,4,True,269.5,607.9000000000001,medio,27.5725,29.059214285714287,29.53596428571429,21.829714285714285,22.262285714285714,22.506125,23.962285714285713,24.733642857142858,25.251267857142857,87.25507142857143,84.89807142857143,82.60973214285714,21.577642857142855,21.84807142857143,21.832678571428573,84.47857142857143,163.65714285714284,87.85178571428571,105.5,94.21428571428571,80.32142857142857
2019,24,383.0,12,4,True,269.5,534.1,medio,29.144785714285714,27.5725,28.965000000000003,22.51835714285714,21.829714285714285,22.311232142857143,25.335642857142858,23.962285714285713,24.901,84.86735714285714,87.25507142857143,84.69644642857142,22.458214285714284,21.577642857142855,21.96407142857143,32.25,84.47857142857143,86.89107142857142,52.285714285714285,105.5,80.35714285714285
2019,25,449.0,12,4,True,260.5,534.1,medio,29.658,29.144785714285714,28.858625,22.155,22.51835714285714,22.191339285714285,25.2255,25.335642857142858,24.814267857142855,83.87735714285714,84.86735714285714,85.22446428571428,22.096785714285716,22.458214285714284,21.99517857142857,52.91428571428571,32.25,83.32499999999999,53.642857142857146,52.285714285714285,76.41071428571429
2019,26,717.0,12,4,True,263.75,535.4,alto,31.213285714285714,29.658,29.39714285714286,23.466428571428573,22.155,22.492375000000003,26.802,25.2255,25.331357142857144,79.21435714285714,83.87735714285714,83.80353571428572,22.60007142857143,22.096785714285716,22.18317857142857,36.75,52.91428571428571,51.598214285714285,37.357142857142854,53.642857142857146,62.19642857142857
2019,27,921.0,12,4,True,252.5,534.5,alto,31.515214285714286,31.213285714285714,30.382821428571432,22.510285714285715,23.466428571428573,22.66251785714286,26.52957142857143,26.802,25.973178571428573,72.21428571428571,79.21435714285714,80.04333928571428,20.612357142857142,22.60007142857143,21.941857142857145,11.085714285714285,36.75,33.25,12.857142857142858,37.357142857142854,39.035714285714285
2019,28,1033.0,12,4,True,296.5,520.9,alto,32.78157142857143,31.515214285714286,31.29201785714286,22.428571428571427,22.510285714285715,22.640071428571428,27.142785714285715,26.52957142857143,26.42496428571429,67.6735,72.21428571428571,75.744875,19.854,20.612357142857142,21.290803571428572,5.871428571428571,11.085714285714285,26.65535714285714,13.928571428571429,12.857142857142858,29.446428571428573
2019,29,1201.0,12,4,True,319.5,519.3,alto,30.830571428571428,32.78157142857143,31.585160714285713,22.52642857142857,22.428571428571427,22.73292857142857,26.160071428571428,27.142785714285715,26.658607142857143,75.95914285714285,67.6735,73.76532142857143,21.153214285714284,19.854,21.054910714285715,43.94285714285714,5.871428571428571,24.4125,45.142857142857146,13.928571428571429,27.32142857142857
2019,30,1473.0,12,4,True,330.0,509.40000000000003,alto,31.9285,30.830571428571428,31.763964285714287,22.9215,22.52642857142857,22.596696428571427,26.88157142857143,26.160071428571428,26.678500000000003,70.65292857142857,75.95914285714285,71.62496428571428,20.51307142857143,21.153214285714284,20.533160714285714,16.214285714285715,43.94285714285714,19.27857142857143,18.928571428571427,45.142857142857146,22.714285714285715
2019,31,484.0,12,4,True,317.75,472.1,alto,32.223571428571425,31.9285,31.94105357142857,22.731714285714286,22.9215,22.65205357142857,26.941928571428573,26.88157142857143,26.781589285714286,69.64292857142857,70.65292857142857,70.982125,20.231571428571428,20.51307142857143,20.437964285714287,21.928571428571427,16.214285714285715,21.989285714285717,26.571428571428573,18.928571428571427,26.142857142857142
2019,32,2178.0,12,4,True,317.75,445.1,alto,32.52542857142857,32.223571428571425,31.877017857142853,22.86135714285714,22.731714285714286,22.760250000000003,27.082571428571427,26.941928571428573,26.766535714285716,68.6225,69.64292857142857,71.219375,20.09792857142857,20.231571428571428,20.49894642857143,21.742857142857144,21.928571428571427,25.95714285714286,23.071428571428573,26.571428571428573,28.428571428571427
2019,33,1128.0,12,4,True,311.0,420.5,alto,30.9755,32.52542857142857,31.913249999999994,22.86842857142857,22.86135714285714,22.84575,26.437785714285713,27.082571428571427,26.835964285714287,77.04085714285715,68.6225,71.48980357142857,21.654,20.09792857142857,20.624142857142857,41.392857142857146,21.742857142857144,25.31964285714286,42.142857142857146,23.071428571428573,27.67857142857143
2019,34,1172.0,12,4,True,310.5,351.0,alto,30.750071428571427,30.9755,31.618642857142856,22.824428571428573,22.86842857142857,22.821482142857143,26.116285714285713,26.437785714285713,26.644642857142856,77.13257142857142,77.04085714285715,73.10971428571429,21.3275,21.654,20.827749999999998,55.57142857142857,41.392857142857146,35.158928571428575,51.642857142857146,42.142857142857146,35.85714285714286
2019,35,1295.0,12,4,True,330.0,336.6,alto,29.497,30.750071428571427,30.937,22.093,22.824428571428573,22.66180357142857,25.401,26.116285714285713,26.25941071428571,81.102,77.13257142857142,75.97448214285714,21.62857142857143,21.3275,21.177,51.57857142857143,55.57142857142857,42.57142857142857,50.357142857142854,51.642857142857146,41.80357142857143
2019,36,1296.0,12,4,True,330.0,336.6,alto,31.656142857142857,29.497,30.71967857142857,22.566357142857143,22.093,22.58805357142857,26.8345,25.401,26.19739285714286,71.57135714285714,81.102,76.71169642857143,20.660214285714286,21.62857142857143,21.31757142857143,11.307142857142857,51.57857142857143,39.9625,21.857142857142858,50.357142857142854,41.5
2019,37,1233.0,12,4,True,321.5,336.2,alto,31.634857142857143,31.656142857142857,30.884517857142857,22.425428571428572,22.566357142857143,22.47730357142857,26.30407142857143,26.8345,26.163964285714286,75.67342857142857,71.57135714285714,76.36983928571429,21.157071428571427,20.660214285714286,21.193339285714288,29.935714285714287,11.307142857142857,37.098214285714285,34.5,21.857142857142858,39.589285714285715
2019,38,1163.0,12,4,True,280.0,331.6,alto,31.234714285714286,31.634857142857143,31.00567857142857,22.685714285714287,22.425428571428572,22.442625,26.348928571428573,26.30407142857143,26.222125000000002,75.96921428571429,75.67342857142857,76.07900000000001,21.3775,21.157071428571427,21.205839285714287,31.892857142857142,29.935714285714287,31.178571428571427,40.357142857142854,34.5,36.76785714285714
2019,39,1112.0,12,4,True,257.0,317.3,alto,29.06942857142857,31.234714285714286,30.898785714285715,22.2,22.685714285714287,22.469375,24.9285,26.348928571428573,26.104,83.898,75.96921428571429,76.77799999999999,21.77135714285714,21.3775,21.241535714285714,109.75,31.892857142857142,45.721428571428575,75.57142857142857,40.357142857142854,43.07142857142857
2019,40,1013.0,12,4,True,234.5,296.0,alto,27.496,29.06942857142857,29.85875,21.765285714285714,22.2,22.26910714285714,24.029642857142857,24.9285,25.402785714285717,88.6735,83.898,81.05353571428572,21.94392857142857,21.77135714285714,21.562464285714285,104.0,109.75,68.89464285714286,99.07142857142857,75.57142857142857,62.375
2019,41,954.0,12,4,True,205.75,241.0,alto,28.151,27.496,28.987785714285714,21.382571428571428,21.765285714285714,22.008392857142855,24.135714285714286,24.029642857142857,24.86069642857143,86.78564285714286,88.6735,83.83158928571429,21.640857142857143,21.94392857142857,21.683410714285714,72.85714285714286,104.0,79.625,77.71428571428571,99.07142857142857,73.17857142857143
2019,42,701.0,12,4,True,194.0,228.5,alto,28.67757142857143,28.151,28.348499999999998,21.484642857142855,21.382571428571428,21.708125,24.34992857142857,24.135714285714286,24.36094642857143,85.13264285714286,86.78564285714286,86.12244642857144,21.49385714285714,21.640857142857143,21.7125,66.21428571428571,72.85714285714286,88.20535714285715,67.42857142857143,77.71428571428571,79.94642857142857
2019,43,623.0,12,4,True,194.0,246.50000000000003,alto,27.033714285714286,28.67757142857143,27.83957142857143,21.534714285714287,21.484642857142855,21.54180357142857,23.562285714285714,24.34992857142857,24.019392857142854,88.79607142857142,85.13264285714286,87.34696428571428,21.46842857142857,21.49385714285714,21.636767857142857,97.50714285714285,66.21428571428571,85.14464285714286,87.57142857142857,67.42857142857143,82.94642857142857
2019,44,574.0,12,4,True,201.0,255.6,alto,27.607214285714285,27.033714285714286,27.867375000000003,21.158,21.534714285714287,21.389982142857143,23.577571428571428,23.562285714285714,23.906375,88.02042857142857,88.79607142857142,87.18369642857142,21.362142857142857,21.46842857142857,21.49132142857143,82.30714285714286,97.50714285714285,79.72142857142858,80.71428571428571,87.57142857142857,78.35714285714286
2019,45,444.0,12,4,True,177.75,250.8,alto,28.905142857142856,27.607214285714285,28.055910714285716,21.459071428571427,21.158,21.409107142857145,24.643857142857144,23.577571428571428,24.033410714285715,82.53057142857143,88.02042857142857,86.11992857142857,21.24592857142857,21.362142857142857,21.392589285714287,34.285714285714285,82.30714285714286,70.07857142857142,42.642857142857146,80.71428571428571,69.58928571428572
2019,46,446.0,12,4,True,157.5,235.20000000000002,alto,30.24792857142857,28.905142857142856,28.4485,21.196928571428572,21.459071428571427,21.337178571428574,25.191928571428573,24.643857142857144,24.243910714285715,73.82664285714286,82.53057142857143,83.29342857142858,19.838785714285713,21.24592857142857,20.97882142857143,1.707142857142857,34.285714285714285,53.95178571428571,3.642857142857143,42.642857142857146,53.64285714285714
2019,47,302.0,12,4,True,141.75,187.20000000000002,alto,29.72042857142857,30.24792857142857,29.12017857142857,21.318357142857142,21.196928571428572,21.283089285714286,24.942857142857143,25.191928571428573,24.589053571428572,76.07142857142857,73.82664285714286,80.11226785714285,20.093714285714285,19.838785714285713,20.635142857142856,10.507142857142856,1.707142857142857,32.20178571428572,15.785714285714286,3.642857142857143,35.69642857142857
2019,48,241.0,12,4,True,148.0,163.6,alto,29.693857142857144,29.72042857142857,29.641839285714283,20.134642857142858,21.318357142857142,21.027250000000002,24.46742857142857,24.942857142857143,24.81151785714286,71.29585714285714,76.07142857142857,75.931125,18.457142857142856,20.093714285714285,19.908892857142856,0.8642857142857143,10.507142857142856,11.841071428571428,3.5,15.785714285714286,16.392857142857146
2019,49,224.0,12,4,True,146.5,159.4,alto,31.430642857142857,29.693857142857144,30.273214285714285,21.306142857142856,20.134642857142858,20.989017857142855,25.827571428571428,24.46742857142857,25.10744642857143,69.60207142857143,71.29585714285714,72.699,19.237928571428572,18.457142857142856,19.406892857142857,1.7714285714285714,0.8642857142857143,3.7124999999999995,3.857142857142857,3.5,6.696428571428572
2019,50,237.0,12,4,True,137.5,159.4,alto,31.35514285714286,31.430642857142857,30.550017857142855,20.151142857142858,21.306142857142856,20.72757142857143,25.160214285714286,25.827571428571428,25.099517857142857,63.76535714285714,69.60207142857143,70.18367857142857,17.1255,19.237928571428572,18.728571428571428,0.04285714285714286,1.7714285714285714,3.2964285714285713,0.2857142857142857,3.857142857142857,5.857142857142857
2019,51,206.0,12,4,True,131.25,139.2,alto,31.356214285714287,31.35514285714286,30.958964285714288,21.042714285714286,20.151142857142858,20.658660714285713,25.677642857142857,25.160214285714286,25.283214285714287,63.35707142857143,63.76535714285714,67.00508928571429,17.5725,17.1255,18.098267857142858,0.6857142857142857,0.04285714285714286,0.8410714285714285,2.142857142857143,0.2857142857142857,2.4464285714285716
2021,2,39.0,12,4,True,141.25,158.2,bajo,29.524571428571427,29.159285714285716,29.539589285714285,20.161214285714287,19.47342857142857,19.77755357142857,24.449142857142856,23.77135714285714,24.164589285714285,66.06114285714285,67.153,67.72701785714285,17.14392857142857,16.725357142857142,17.273999999999997,1.1857142857142857,1.4142857142857144,0.7803571428571429,5.285714285714286,6.928571428571429,3.7142857142857144
2021,3,46.0,12,4,True,147.25,158.2,bajo,31.094785714285713,29.524571428571427,29.911749999999998,20.294785714285716,20.161214285714287,19.900464285714285,25.14392857142857,24.449142857142856,24.377357142857143,62.0715,66.06114285714285,65.37753571428571,16.783714285714286,17.14392857142857,16.89742857142857,0.6071428571428571,1.1857142857142857,0.8035714285714286,2.7857142857142856,5.285714285714286,3.7678571428571423
2021,4,61.0,12,4,True,150.25,163.6,bajo,31.351142857142857,31.094785714285713,30.28244642857143,20.330642857142855,20.294785714285716,20.065017857142855,25.359285714285715,25.14392857142857,24.680928571428574,59.77542857142857,62.0715,63.76526785714286,16.231714285714286,16.783714285714286,16.72117857142857,0.07857142857142857,0.6071428571428571,0.8214285714285715,0.07142857142857142,2.7857142857142856,3.767857142857143
2021,5,65.0,12,4,True,153.5,164.6,bajo,31.959071428571427,31.351142857142857,30.982392857142855,20.206214285714285,20.330642857142855,20.248214285714287,25.608214285714286,25.359285714285715,25.140142857142855,59.132642857142855,59.77542857142857,61.76017857142857,15.944071428571428,16.231714285714286,16.525857142857145,0.014285714285714285,0.07857142857142857,0.47142857142857136,0.14285714285714285,0.07142857142857142,2.071428571428571
2021,6,44.0,12,4,True,162.0,170.4,bajo,31.14692857142857,31.959071428571427,31.387982142857144,18.50192857142857,20.206214285714285,19.833392857142854,24.37035714285714,25.608214285714286,25.12044642857143,55.245,59.132642857142855,59.05614285714286,13.781714285714285,15.944071428571428,15.685303571428571,0.0,0.014285714285714285,0.175,0.0,0.14285714285714285,0.75
2021,7,57.0,12,4,True,163.5,172.8,bajo,31.398,31.14692857142857,31.463785714285713,20.337785714285715,18.50192857142857,19.844142857142856,25.30407142857143,24.37035714285714,25.160482142857145,64.5715,55.245,59.68114285714286,17.15507142857143,13.781714285714285,15.778142857142857,0.22142857142857142,0.0,0.07857142857142857,1.4285714285714286,0.0,0.4107142857142857
2021,8,57.0,12,4,True,162.75,203.4,bajo,31.191785714285714,31.398,31.423946428571426,20.7235,20.337785714285715,19.942357142857144,25.47142857142857,25.30407142857143,25.18851785714286,61.642857142857146,64.5715,60.148,16.76835714285714,17.15507142857143,15.91230357142857,0.2714285714285714,0.22142857142857142,0.12678571428571428,1.2142857142857142,1.4285714285714286,0.6964285714285714
2021,9,73.0,12,4,True,178.5,216.9,bajo,33.3295,31.191785714285714,31.766553571428574,21.229642857142856,20.7235,20.198214285714286,26.55707142857143,25.47142857142857,25.425732142857143,53.0715,61.642857142857146,58.632714285714286,15.194857142857144,16.76835714285714,15.725,0.0,0.2714285714285714,0.1232142857142857,0.0,1.2142857142857142,0.6607142857142857
2021,10,91.0,12,4,True,193.5,266.40000000000003,bajo,33.307071428571426,33.3295,32.30658928571428,20.989785714285713,21.229642857142856,20.82017857142857,26.58685714285714,26.55707142857143,25.979857142857142,55.6225,53.0715,58.727089285714285,15.630642857142858,15.194857142857144,16.187232142857145,0.15714285714285714,0.0,0.16249999999999998,1.0714285714285714,0.0,0.9285714285714286
2021,11,74.0,12,4,True,210.0,348.6,bajo,32.83578571428571,33.307071428571426,32.66603571428571,21.581714285714284,20.989785714285713,21.131160714285713,26.515285714285714,26.58685714285714,26.28266071428571,53.642785714285715,55.6225,55.994910714285716,15.494857142857143,15.630642857142858,15.772178571428572,0.20714285714285716,0.15714285714285714,0.15892857142857142,0.8571428571428571,1.0714285714285714,0.7857142857142857
2021,12,65.0,12,4,True,238.5,369.6,bajo,31.799071428571427,32.83578571428571,32.81785714285714,21.485714285714284,21.581714285714284,21.321714285714283,26.091857142857144,26.515285714285714,26.43776785714286,60.13257142857143,53.642785714285715,55.61733928571429,16.7755,15.494857142857143,15.773964285714287,6.692857142857143,0.20714285714285716,1.7642857142857142,10.785714285714286,0.8571428571428571,3.178571428571429
2021,13,74.0,12,4,True,242.0,389.9,bajo,32.15521428571429,31.799071428571427,32.52428571428571,21.267285714285713,21.485714285714284,21.331125,26.186642857142857,26.091857142857144,26.34516071428571,59.898,60.13257142857143,57.32396428571428,16.819357142857143,16.7755,16.18008928571429,0.2571428571428571,6.692857142857143,1.8285714285714285,1.5,10.785714285714286,3.553571428571429
2021,14,63.0,12,4,True,247.25,401.0,bajo,34.39071428571429,32.15521428571429,32.79519642857143,22.162285714285716,21.267285714285713,21.62425,27.743,26.186642857142857,26.63419642857143,50.663357142857144,59.898,56.08417857142857,15.40707142857143,16.819357142857143,16.12419642857143,0.22142857142857142,0.2571428571428571,1.8446428571428573,1.2857142857142858,1.5,3.6071428571428577
2021,15,79.0,12,4,True,222.5,428.0,bajo,32.354,34.39071428571429,32.67475,22.255142857142857,22.162285714285716,21.792607142857143,26.67257142857143,27.743,26.67351785714286,59.010214285714284,50.663357142857144,57.42603571428572,17.307142857142857,15.40707142857143,16.577267857142857,3.807142857142857,0.22142857142857142,2.744642857142857,10.642857142857142,1.2857142857142858,6.053571428571429
2021,16,81.0,12,4,True,234.75,506.70000000000005,bajo,32.51121428571429,32.354,32.852785714285716,22.837857142857143,22.255142857142857,22.130642857142856,26.99685714285714,26.67257142857143,26.899767857142855,69.28571428571429,59.010214285714284,59.714321428571424,20.311357142857144,17.307142857142857,17.461232142857142,11.85,3.807142857142857,4.0339285714285715,25.285714285714285,10.642857142857142,9.678571428571427
2021,17,82.0,12,4,True,277.25,543.8,bajo,31.233714285714285,32.51121428571429,32.622410714285714,22.540785714285715,22.837857142857143,22.44901785714286,26.135571428571428,26.99685714285714,26.886999999999997,73.34692857142858,69.28571428571429,63.076553571428576,20.452,20.311357142857144,18.369392857142856,31.957142857142856,11.85,11.95892857142857,45.857142857142854,25.285714285714285,20.767857142857142
2021,18,91.0,12,4,True,272.25,541.8000000000001,bajo,31.062428571428573,31.233714285714285,31.790339285714285,22.505142857142857,22.540785714285715,22.534732142857145,26.290857142857142,26.135571428571428,26.523964285714285,69.449,73.34692857142858,67.7729642857143,19.709285714285713,20.452,19.444946428571427,4.485714285714286,31.957142857142856,13.025,21.357142857142858,45.857142857142854,25.785714285714285
2021,19,100.0,12,4,True,283.25,484.1,bajo,29.191785714285714,31.062428571428573,30.999785714285714,22.053071428571428,22.505142857142857,22.484214285714287,25.012214285714286,26.290857142857142,26.108874999999998,77.87742857142857,69.449,72.48976785714285,20.601,19.709285714285713,20.268410714285714,50.6,4.485714285714286,24.723214285714285,57.714285714285715,21.357142857142858,37.55357142857143
2021,20,137.0,12,4,True,307.25,484.1,bajo,32.02142857142857,29.191785714285714,30.877339285714285,22.875642857142857,22.053071428571428,22.493660714285717,26.955142857142857,25.012214285714286,26.09844642857143,69.04071428571429,77.87742857142857,72.42851785714286,20.201071428571428,20.601,20.240839285714284,18.014285714285716,50.6,26.264285714285716,24.428571428571427,57.714285714285715,37.33928571428571
2021,21,122.0,12,4,True,307.25,566.9000000000001,bajo,31.406142857142857,32.02142857142857,30.920446428571427,23.056142857142856,22.875642857142857,22.6225,26.749928571428573,26.955142857142857,26.252035714285714,70.86735714285714,69.04071428571429,71.80862499999999,20.5245,20.201071428571428,20.258964285714285,18.692857142857143,18.014285714285716,22.948214285714286,28.928571428571427,24.428571428571427,33.107142857142854
2021,22,145.0,12,4,True,407.0,615.8,bajo,32.27857142857143,31.406142857142857,31.22448214285714,23.489785714285713,23.056142857142856,22.868660714285713,27.192857142857143,26.749928571428573,26.477535714285715,70.16335714285714,70.86735714285714,71.98721428571429,20.6775,20.5245,20.501017857142855,26.857142857142858,18.692857142857143,28.541071428571428,33.92857142857143,28.928571428571427,36.25
2021,23,190.0,12,4,True,414.25,607.9000000000001,bajo,31.205,32.27857142857143,31.727785714285712,23.313214285714285,23.489785714285713,23.183696428571427,26.6215,27.192857142857143,26.87985714285714,73.46935714285715,70.16335714285714,70.88519642857142,21.049,20.6775,20.613017857142857,37.99285714285714,26.857142857142858,25.389285714285712,47.214285714285715,33.92857142857143,33.625
2021,24,134.0,12,4,True,463.75,534.1,bajo,29.003071428571428,31.205,30.97319642857143,22.154,23.313214285714285,23.003285714285713,24.93257142857143,26.6215,26.374214285714288,82.62257142857143,73.46935714285715,74.28066071428572,21.50707142857143,21.049,20.939517857142857,120.42857142857143,37.99285714285714,50.99285714285715,89.35714285714286,47.214285714285715,49.85714285714286
2021,25,157.0,12,4,True,515.25,571.2,bajo,27.569357142857143,29.003071428571428,30.014,21.683642857142857,22.154,22.660160714285713,23.975428571428573,24.93257142857143,25.68058928571429,87.36735714285714,82.62257142857143,78.40566071428572,21.63264285714286,21.50707142857143,21.216553571428573,97.53571428571429,120.42857142857143,70.70357142857142,91.35714285714286,89.35714285714286,65.46428571428572
2021,26,148.0,12,4,True,546.5,702.8000000000001,bajo,28.84392857142857,27.569357142857143,29.155339285714284,21.54492857142857,21.683642857142857,22.17394642857143,24.692857142857143,23.975428571428573,25.05558928571429,83.27564285714286,87.36735714285714,81.68373214285714,21.438714285714287,21.63264285714286,21.40685714285714,66.52142857142857,97.53571428571429,80.61964285714285,70.0,91.35714285714286,74.48214285714286
2021,27,138.0,12,4,True,610.5,900.6000000000001,bajo,28.178571428571427,28.84392857142857,28.398732142857146,21.515357142857145,21.54492857142857,21.72448214285714,24.49085714285714,24.692857142857143,24.52292857142857,83.64278571428571,83.27564285714286,84.22708928571429,21.360214285714285,21.438714285714287,21.484660714285717,45.628571428571426,66.52142857142857,82.52857142857142,59.0,70.0,77.42857142857143
2021,28,150.0,12,4,True,632.25,1021.8000000000001,bajo,28.795857142857145,28.178571428571427,28.34692857142857,21.84285714285714,21.515357142857145,21.646696428571428,25.080571428571428,24.49085714285714,24.55992857142857,81.29578571428571,83.64278571428571,83.89539285714285,21.341857142857144,21.360214285714285,21.443357142857145,52.66428571428571,45.628571428571426,65.5875,49.285714285714285,59.0,67.41071428571429
2021,29,134.0,12,4,True,660.25,1184.2,bajo,30.170428571428573,28.795857142857145,28.997196428571428,21.897,21.84285714285714,21.70003571428571,25.490785714285714,25.080571428571428,24.938767857142857,77.551,81.29578571428571,81.44130357142856,20.931571428571427,21.341857142857144,21.26808928571429,29.414285714285715,52.66428571428571,48.55714285714286,33.357142857142854,49.285714285714285,52.910714285714285
2021,30,115.0,12,4,True,514.75,1132.9,bajo,32.02964285714286,30.170428571428573,29.793625000000002,22.49807142857143,21.897,21.938321428571427,26.86542857142857,25.490785714285714,25.48191071428571,68.77557142857142,77.551,77.81628571428571,20.07557142857143,20.931571428571427,20.927303571428574,2.0,29.414285714285715,32.426785714285714,5.928571428571429,33.357142857142854,36.89285714285714
2021,31,119.0,12,4,True,491.25,1377.0000000000005,bajo,30.376571428571427,32.02964285714286,30.343125,22.26835714285714,22.49807142857143,22.126571428571427,25.676571428571428,26.86542857142857,25.77833928571428,78.35728571428571,68.77557142857142,76.49491071428571,21.24492857142857,20.07557142857143,20.89848214285714,60.55,2.0,36.15714285714286,51.642857142857146,5.928571428571429,35.05357142857143
2021,32,133.0,12,4,True,478.75,1063.6000000000004,bajo,29.943,30.376571428571427,30.629910714285714,22.163285714285713,22.26835714285714,22.20667857142857,25.303071428571428,25.676571428571428,25.833964285714288,81.602,78.35728571428571,76.57146428571428,21.60214285714286,21.24492857142857,20.96355357142857,91.10714285714286,60.55,45.76785714285714,65.5,51.642857142857146,39.10714285714286
2021,33,128.0,12,4,True,617.25,1167.6,bajo,29.885785714285714,29.943,30.55875,22.069357142857143,22.163285714285713,22.249767857142857,25.472428571428573,25.303071428571428,25.829375,78.3165,81.602,76.76283928571428,21.064214285714286,21.60214285714286,20.996714285714283,39.80714285714286,91.10714285714286,48.36607142857142,43.07142857142857,65.5,41.53571428571429
2021,34,145.0,12,4,True,617.25,1167.6,bajo,28.284714285714287,29.885785714285714,29.622517857142856,21.822357142857143,22.069357142857143,22.080839285714287,24.463285714285714,25.472428571428573,25.228839285714287,85.2245,78.3165,80.87507142857143,21.644785714285714,21.064214285714286,21.389017857142857,96.1,39.80714285714286,71.89107142857142,91.35714285714286,43.07142857142857,62.892857142857146
2021,35,134.0,12,4,True,557.75,1282.7,bajo,28.47442857142857,28.284714285714287,29.146982142857144,21.729785714285715,21.822357142857143,21.94619642857143,24.4315,24.463285714285714,24.917571428571428,85.35714285714286,85.2245,82.62503571428572,21.61842857142857,21.644785714285714,21.482392857142855,122.71428571428571,96.1,87.43214285714285,81.92857142857143,91.35714285714286,70.46428571428572
2021,36,166.0,12,4,True,600.75,1288.8,bajo,27.5215,28.47442857142857,28.541607142857146,21.2795,21.729785714285715,21.72525,23.837785714285715,24.4315,24.55125,87.61228571428572,85.35714285714286,84.12760714285714,21.536714285714286,21.61842857142857,21.466035714285713,72.5,122.71428571428571,82.78035714285714,79.57142857142857,81.92857142857143,73.98214285714286
2021,37,131.0,12,4,True,583.25,1226.0,bajo,27.863357142857144,27.5215,28.036,21.69892857142857,21.2795,21.632642857142855,24.10407142857143,23.837785714285715,24.209160714285716,88.03071428571428,87.61228571428572,86.55616071428572,21.860285714285713,21.536714285714286,21.66505357142857,120.45714285714286,72.5,102.94285714285714,86.71428571428571,79.57142857142857,84.89285714285714
2021,38,111.0,12,4,True,570.5,1157.9,bajo,28.485714285714284,27.863357142857144,28.08625,21.235714285714284,21.69892857142857,21.48598214285714,24.44892857142857,24.10407142857143,24.205571428571428,83.54071428571429,88.03071428571428,86.13521428571428,21.270357142857144,21.860285714285713,21.571446428571427,31.22142857142857,120.45714285714286,86.72321428571429,48.642857142857146,86.71428571428571,74.21428571428572
2021,39,145.0,12,4,True,503.0,1102.1000000000001,bajo,29.561214285714286,28.485714285714284,28.357946428571427,21.90207142857143,21.235714285714284,21.52905357142857,25.10514285714286,24.44892857142857,24.373982142857145,81.23471428571429,83.54071428571429,85.10460714285715,21.408214285714287,21.270357142857144,21.51889285714286,45.52142857142857,31.22142857142857,67.425,48.642857142857146,48.642857142857146,65.89285714285714
2021,40,128.0,12,4,True,488.25,1007.1,bajo,29.3775,29.561214285714286,28.82194642857143,21.515357142857145,21.90207142857143,21.588017857142855,25.00407142857143,25.10514285714286,24.665553571428568,81.28564285714286,81.23471428571429,83.52294642857143,21.308214285714286,21.408214285714287,21.46176785714286,20.514285714285716,45.52142857142857,54.42857142857142,33.92857142857143,48.642857142857146,54.48214285714286
2021,41,108.0,12,4,True,401.75,928.7,bajo,29.954,29.3775,29.344607142857143,22.021428571428572,21.515357142857145,21.668642857142856,25.37257142857143,25.00407142857143,24.982678571428572,79.62242857142857,81.28564285714286,81.420875,21.27242857142857,21.308214285714286,21.31480357142857,36.75714285714286,20.514285714285716,33.50357142857143,37.214285714285715,33.92857142857143,42.10714285714286
2021,42,117.0,12,4,True,354.5,693.2,bajo,28.997857142857143,29.954,29.472642857142855,21.901,22.021428571428572,21.834964285714285,25.082714285714285,25.37257142857143,25.141125000000002,81.71421428571429,79.62242857142857,80.96425,21.49592857142857,21.27242857142857,21.37119642857143,24.87857142857143,36.75714285714286,31.917857142857144,44.785714285714285,37.214285714285715,41.142857142857146
2021,43,121.0,12,4,True,342.25,618.1,bajo,28.2,28.997857142857143,29.132339285714288,21.521428571428572,21.901,21.73980357142857,24.193785714285713,25.082714285714285,24.913285714285713,85.27542857142858,81.71421428571429,81.97442857142858,21.37035714285714,21.49592857142857,21.361732142857143,80.76428571428572,24.87857142857143,40.72857142857143,80.21428571428571,44.785714285714285,49.03571428571428
2021,44,114.0,12,4,True,309.75,561.0,bajo,28.5715,28.2,28.930839285714285,21.741785714285715,21.521428571428572,21.796410714285713,24.7,24.193785714285713,24.83726785714286,83.2755,85.27542857142858,82.47189285714285,21.481714285714286,21.37035714285714,21.405107142857144,23.12857142857143,80.76428571428572,41.38214285714286,46.642857142857146,80.21428571428571,52.214285714285715
2021,45,140.0,12,4,True,303.0,445.8,bajo,29.097,28.5715,28.716589285714285,20.677642857142857,21.741785714285715,21.460464285714284,24.36435714285714,24.7,24.585214285714287,74.98992857142858,83.2755,81.31376785714286,19.289785714285713,21.481714285714286,20.909446428571428,6.35,23.12857142857143,33.78035714285714,13.928571428571429,46.642857142857146,46.39285714285714
2021,46,141.0,12,4,True,267.5,429.80000000000007,bajo,29.37242857142857,29.097,28.810232142857146,19.758214285714285,20.677642857142857,20.924767857142857,24.117285714285714,24.36435714285714,24.343857142857143,67.09178571428572,74.98992857142858,77.65816071428571,17.210214285714287,19.289785714285713,19.83801785714286,0.4142857142857143,6.35,27.664285714285715,1.7142857142857142,13.928571428571429,35.625
2021,47,112.0,12,4,True,240.25,295.90000000000003,bajo,29.934857142857144,29.37242857142857,29.243946428571427,21.3765,19.758214285714285,20.888535714285716,25.083714285714287,24.117285714285714,24.566339285714285,71.06135714285715,67.09178571428572,74.10464285714286,19.068285714285715,17.210214285714287,19.262500000000003,5.564285714285714,0.4142857142857143,8.864285714285714,13.285714285714286,1.7142857142857142,18.892857142857146
2021,48,125.0,12,4,True,200.0,239.3,bajo,30.210142857142856,29.934857142857144,29.653607142857144,20.158142857142856,21.3765,20.492625,24.651142857142858,25.083714285714287,24.554125000000003,63.90821428571429,71.06135714285715,69.26282142857143,16.820357142857144,19.068285714285715,18.097160714285714,0.09285714285714286,5.564285714285714,3.105357142857143,0.35714285714285715,13.285714285714286,7.321428571428572
2021,49,160.0,12,4,True,179.0,235.70000000000002,bajo,31.22342857142857,30.210142857142856,30.185214285714284,19.580571428571428,20.158142857142856,20.21835714285714,24.720357142857143,24.651142857142858,24.643125,60.551,63.90821428571429,65.65308928571429,15.884714285714285,16.820357142857144,17.245892857142856,0.19285714285714287,0.09285714285714286,1.5660714285714286,1.0,0.35714285714285715,4.089285714285714
2021,50,154.0,12,4,True,174.5,222.20000000000002,bajo,31.844785714285713,31.22342857142857,30.80330357142857,20.996928571428572,19.580571428571428,20.528035714285714,25.94292857142857,24.720357142857143,25.099535714285715,63.46942857142857,60.551,64.7475,17.7,15.884714285714285,17.368339285714285,0.15714285714285714,0.19285714285714287,1.5017857142857143,0.7857142857142857,1.0,3.8571428571428577
2021,51,132.0,12,4,True,128.75,198.50000000000003,medio,31.119357142857144,31.844785714285713,31.09942857142857,21.138928571428572,20.996928571428572,20.468642857142854,25.537785714285715,25.94292857142857,25.21305357142857,64.08178571428572,63.46942857142857,63.002607142857144,17.65207142857143,17.7,17.014285714285716,5.078571428571428,0.15714285714285714,1.3803571428571428,8.5,0.7857142857142857,2.6607142857142856
2022,2,159.0,12,4,True,98.25,128.4,alto,30.936714285714285,30.79692857142857,30.851017857142857,20.77957142857143,20.304,20.691607142857144,25.40835714285714,25.139857142857142,25.239089285714286,62.45914285714286,65.09178571428572,63.742375,16.938785714285714,17.299071428571427,17.139089285714284,1.4785714285714286,0.22857142857142856,2.435714285714285,8.714285714285714,1.6428571428571428,7.392857142857142
2022,3,175.0,12,4,True,95.0,137.3,alto,30.669357142857145,30.936714285714285,30.73851785714286,20.58685714285714,20.77957142857143,20.553589285714285,25.098928571428573,25.40835714285714,25.129375,59.346714285714285,62.45914285714286,62.55860714285715,15.91842857142857,16.938785714285714,16.70567857142857,0.6,1.4785714285714286,1.3160714285714286,5.142857142857143,8.714285714285714,6.553571428571428
2022,4,146.0,12,4,True,101.25,149.70000000000002,medio,31.586642857142856,30.669357142857145,30.997410714285714,19.404,20.58685714285714,20.268607142857142,24.868285714285715,25.098928571428573,25.128857142857143,57.408142857142856,59.346714285714285,61.07644642857143,14.863285714285714,15.91842857142857,16.254892857142856,0.11428571428571428,0.6,0.6053571428571429,0.6428571428571429,5.142857142857143,4.035714285714286
2022,5,150.0,12,4,True,104.5,160.0,medio,31.35,31.586642857142856,31.13567857142857,20.497857142857143,19.404,20.317071428571428,25.27657142857143,24.868285714285715,25.163035714285716,61.39814285714286,57.408142857142856,60.153035714285714,16.463214285714287,14.863285714285714,16.045928571428572,0.55,0.11428571428571428,0.6857142857142857,3.7142857142857144,0.6428571428571429,4.553571428571429
2022,6,173.0,12,4,True,111.0,159.9,alto,30.649,31.35,31.06375,19.86007142857143,20.497857142857143,20.087196428571428,24.72057142857143,25.27657142857143,24.99108928571429,59.60207142857143,61.39814285714286,59.43876785714286,15.503,16.463214285714287,15.686982142857143,0.45714285714285713,0.55,0.4303571428571428,3.5714285714285716,3.7142857142857144,3.267857142857143
2022,7,171.0,12,4,True,111.0,159.0,alto,31.290785714285715,30.649,31.219107142857144,20.215285714285713,19.86007142857143,19.99430357142857,25.170428571428573,24.72057142857143,25.00896428571429,57.214214285714284,59.60207142857143,58.90564285714286,15.290785714285715,15.503,15.530071428571429,0.5,0.45714285714285713,0.40535714285714286,2.9285714285714284,3.5714285714285716,2.7142857142857144
2022,8,218.0,12,4,True,111.0,151.8,alto,31.848928571428573,31.290785714285715,31.28467857142857,20.435714285714287,20.215285714285713,20.252232142857142,25.537785714285715,25.170428571428573,25.17633928571429,54.63257142857143,57.214214285714284,58.21175,14.836714285714285,15.290785714285715,15.523428571428573,0.39285714285714285,0.5,0.475,2.7857142857142856,2.9285714285714284,3.25
2022,9,207.0,12,4,True,122.0,159.2,alto,33.142857142857146,31.848928571428573,31.732892857142858,21.013285714285715,20.435714285714287,20.381089285714285,26.488714285714284,25.537785714285715,25.479375,54.03071428571429,54.63257142857143,56.36989285714286,15.262214285714286,14.836714285714285,15.223178571428571,0.37142857142857144,0.39285714285714285,0.4303571428571428,2.7857142857142856,2.7857142857142856,3.0178571428571423
2022,10,273.0,12,4,True,122.0,167.3,alto,32.502,33.142857142857146,32.19614285714286,21.04792857142857,21.013285714285715,20.67805357142857,26.11942857142857,26.488714285714284,25.829089285714286,51.79592857142857,54.03071428571429,54.41835714285714,14.464214285714286,15.262214285714286,14.963482142857142,0.04285714285714286,0.37142857142857144,0.3267857142857143,0.2857142857142857,2.7857142857142856,2.1964285714285716
2022,11,357.0,12,4,True,123.75,168.0,alto,31.47564285714286,32.502,32.242357142857145,21.979642857142856,21.04792857142857,21.119142857142855,26.25,26.11942857142857,26.098982142857142,63.642785714285715,51.79592857142857,56.0255,18.014214285714285,14.464214285714286,15.644339285714285,3.7285714285714286,0.04285714285714286,1.1339285714285714,22.857142857142858,0.2857142857142857,7.178571428571429
2022,12,371.0,12,4,True,161.25,186.9,alto,32.749857142857145,31.47564285714286,32.46758928571429,22.390785714285716,21.979642857142856,21.607910714285712,27.037857142857142,26.25,26.473999999999997,59.76535714285714,63.642785714285715,57.30869642857143,17.671357142857143,18.014214285714285,16.353,4.578571428571428,3.7285714285714286,2.180357142857143,19.0,22.857142857142858,11.232142857142858
2022,13,402.0,12,4,True,160.75,167.8,alto,32.85407142857143,32.749857142857145,32.39539285714286,22.3215,22.390785714285716,21.934964285714287,26.914214285714287,27.037857142857142,26.580374999999997,57.38778571428571,59.76535714285714,58.14796428571428,16.854214285714285,17.671357142857143,16.750999999999998,2.0714285714285716,4.578571428571428,2.6053571428571427,12.285714285714286,19.0,13.607142857142856
2022,14,392.0,12,4,True,154.0,167.8,alto,32.11935714285714,32.85407142857143,32.299732142857145,22.384714285714285,22.3215,22.269160714285714,26.842928571428573,26.914214285714287,26.76125,58.48985714285714,57.38778571428571,59.82144642857143,17.29807142857143,16.854214285714285,17.459464285714287,2.7214285714285715,2.0714285714285716,3.275,19.0,12.285714285714286,18.285714285714285
2022,15,432.0,12,4,True,120.5,147.8,alto,32.411071428571425,32.11935714285714,32.533589285714285,22.938785714285714,22.384714285714285,22.508946428571427,27.011214285714285,26.842928571428573,26.951553571428573,64.949,58.48985714285714,60.147999999999996,19.161214285714287,17.29807142857143,17.746214285714288,7.871428571428571,2.7214285714285715,4.310714285714286,34.07142857142857,19.0,21.089285714285715
2022,16,515.0,12,4,True,120.5,147.8,alto,33.33264285714286,32.411071428571425,32.67928571428571,23.136714285714287,22.938785714285714,22.69542857142857,27.73785714285714,27.011214285714285,27.12655357142857,59.82642857142857,64.949,60.16326785714286,18.35214285714286,19.161214285714287,17.916410714285714,3.5428571428571427,7.871428571428571,4.051785714285714,19.928571428571427,34.07142857142857,21.321428571428573
2022,17,547.0,12,4,True,130.25,165.8,alto,32.398,33.33264285714286,32.56526785714286,22.003071428571428,23.136714285714287,22.61582142857143,26.511214285714285,27.73785714285714,27.025803571428572,64.85707142857143,59.82642857142857,62.030589285714285,18.34192857142857,18.35214285714286,18.288339285714287,17.928571428571427,3.5428571428571427,8.016071428571427,44.07142857142857,19.928571428571427,29.267857142857142
2022,18,604.0,12,4,True,145.0,195.10000000000002,alto,30.484785714285714,32.398,32.156625,22.134714285714285,22.003071428571428,22.55332142857143,25.46335714285714,26.511214285714285,26.680910714285716,76.44907142857143,64.85707142857143,66.52039285714285,20.62257142857143,18.34192857142857,19.119464285714287,60.22142857142857,17.928571428571427,22.39107142857143,84.71428571428571,44.07142857142857,45.69642857142857
2022,19,495.0,12,4,True,156.0,198.0,alto,30.30107142857143,30.484785714285714,31.629125000000005,22.43057142857143,22.134714285714285,22.426267857142857,25.70207142857143,25.46335714285714,26.353625,79.47957142857143,76.44907142857143,70.15303571428572,21.543857142857142,20.62257142857143,19.715125,43.23571428571429,60.22142857142857,31.232142857142854,73.5,84.71428571428571,55.55357142857143
2022,20,386.0,12,4,True,156.0,243.90000000000003,alto,31.241857142857143,30.30107142857143,31.106428571428573,22.172428571428572,22.43057142857143,22.185196428571427,26.218357142857144,25.70207142857143,25.97375,72.37757142857143,79.47957142857143,73.29082142857143,20.116357142857144,21.543857142857142,20.156178571428573,14.442857142857143,43.23571428571429,33.957142857142856,37.714285714285715,73.5,60.0
2022,21,587.0,12,4,True,171.0,262.5,alto,30.28064285714286,31.241857142857143,30.577089285714287,22.282857142857143,22.172428571428572,22.255142857142857,25.554,26.218357142857144,25.73444642857143,77.55092857142857,72.37757142857143,76.46428571428571,20.720357142857143,20.116357142857144,20.750785714285712,48.01428571428571,14.442857142857143,41.47857142857143,81.5,37.714285714285715,69.35714285714286
2022,22,619.0,12,4,True,208.5,279.3,alto,27.733642857142858,30.28064285714286,29.88930357142857,21.61942857142857,22.282857142857143,22.12632142857143,23.816357142857143,25.554,25.32269642857143,87.01021428571428,77.55092857142857,79.10457142857143,21.3795,20.720357142857143,20.940017857142855,88.43571428571428,48.01428571428571,48.53214285714286,119.92857142857143,81.5,78.16071428571429
2022,23,710.0,12,4,True,208.5,338.70000000000005,alto,26.9785,27.733642857142858,29.058660714285715,21.499928571428573,21.61942857142857,21.893660714285716,23.7,23.816357142857143,24.822178571428573,86.63271428571429,87.01021428571428,80.89285714285714,21.232642857142856,21.3795,20.862214285714288,41.135714285714286,88.43571428571428,48.00714285714285,104.35714285714286,119.92857142857143,85.875
2022,24,508.0,12,4,True,229.25,379.40000000000003,alto,26.80107142857143,26.9785,27.948464285714287,21.362214285714284,21.499928571428573,21.691107142857142,23.334642857142857,23.7,24.10125,89.59171428571429,86.63271428571429,85.19639285714285,21.41842857142857,21.232642857142856,21.187732142857143,169.20714285714286,41.135714285714286,86.69821428571429,120.57142857142857,104.35714285714286,106.58928571428572
2022,25,537.0,12,4,True,229.25,442.40000000000003,alto,26.5265,26.80107142857143,27.00992857142857,21.23164285714286,21.362214285714284,21.42830357142857,23.314357142857144,23.334642857142857,23.541339285714287,88.19392857142857,89.59171428571429,87.85714285714285,21.120285714285714,21.41842857142857,21.287714285714284,183.42142857142858,169.20714285714286,120.55,128.14285714285714,120.57142857142857,118.25
2022,26,575.0,12,4,True,245.75,690.2,medio,27.818428571428573,26.5265,27.031125,21.146857142857144,21.23164285714286,21.310160714285715,23.829571428571427,23.314357142857144,23.544642857142858,85.08157142857142,88.19392857142857,87.37498214285714,20.9755,21.120285714285714,21.186714285714285,131.28571428571428,183.42142857142858,131.2625,89.0,128.14285714285714,110.51785714285714
2022,27,521.0,12,4,True,301.5,900.6000000000001,medio,29.545785714285714,27.818428571428573,27.67294642857143,21.619357142857144,21.146857142857144,21.340017857142858,25.114428571428572,23.829571428571427,23.89825,78.65292857142857,85.08157142857142,85.38003571428571,20.796857142857142,20.9755,21.07776785714286,29.821428571428573,131.28571428571428,128.43392857142857,41.357142857142854,89.0,94.76785714285714
2022,28,536.0,12,4,True,396.75,1021.8000000000001,medio,29.763357142857142,29.545785714285714,28.413517857142857,21.9775,21.619357142857144,21.493839285714287,25.362285714285715,25.114428571428572,24.405160714285717,79.91821428571428,78.65292857142857,82.96166071428571,21.333785714285714,20.796857142857142,21.056607142857143,30.435714285714287,29.821428571428573,93.74107142857143,39.785714285714285,41.357142857142854,74.57142857142857
2022,29,520.0,12,4,True,449.5,1184.2,medio,29.272285714285715,29.763357142857142,29.099964285714286,21.816285714285716,21.9775,21.639999999999997,25.086785714285714,25.362285714285715,24.848267857142858,80.78571428571429,79.91821428571428,81.10960714285714,21.27542857142857,21.333785714285714,21.095392857142855,43.864285714285714,30.435714285714287,58.85178571428571,49.714285714285715,39.785714285714285,54.964285714285715
2022,30,513.0,12,4,True,331.75,1129.3000000000002,medio,30.12142857142857,29.272285714285715,29.675714285714285,22.265428571428572,21.816285714285716,21.919642857142858,25.569357142857143,25.086785714285714,25.283214285714287,78.37757142857143,80.78571428571429,79.43360714285714,21.205,21.27542857142857,21.152767857142855,41.4,43.864285714285714,36.38035714285714,45.57142857142857,49.714285714285715,44.10714285714286
2022,31,477.0,12,4,True,331.75,1374.1000000000004,medio,29.42757142857143,30.12142857142857,29.646160714285713,21.656142857142857,22.265428571428572,21.928839285714286,25.070642857142857,25.569357142857143,25.272267857142857,79.42864285714286,78.37757142857143,79.62753571428571,20.933642857142857,21.205,21.186964285714286,42.72857142857143,41.4,39.607142857142854,65.42857142857143,45.57142857142857,50.125
2022,32,428.0,12,4,True,331.75,1063.6000000000004,medio,30.418357142857143,29.42757142857143,29.809910714285714,21.7775,21.656142857142857,21.878839285714285,25.440785714285713,25.070642857142857,25.291892857142855,76.602,79.42864285714286,78.79848214285715,20.641928571428572,20.933642857142857,21.014,29.014285714285716,42.72857142857143,39.25178571428571,37.714285714285715,65.42857142857143,49.60714285714286
2022,33,447.0,12,4,True,504.75,1167.6,bajo,29.609142857142857,30.418357142857143,29.894125,21.858214285714286,21.7775,21.889321428571428,24.898071428571427,25.440785714285713,25.244714285714284,82.27557142857142,76.602,79.17094642857143,21.408214285714287,20.641928571428572,21.04719642857143,59.59285714285714,29.014285714285716,43.183928571428574,72.57142857142857,37.714285714285715,55.32142857142857
2022,34,353.0,12,4,True,509.25,1167.6,bajo,28.592785714285714,29.609142857142857,29.511964285714285,21.831714285714284,21.858214285714286,21.780892857142856,24.810142857142857,24.898071428571427,25.05491071428571,83.01021428571428,82.27557142857142,80.32910714285714,21.490785714285714,21.408214285714287,21.11864285714286,58.957142857142856,59.59285714285714,47.573214285714286,74.07142857142857,72.57142857142857,62.44642857142857
2022,35,333.0,12,4,True,539.75,1282.7,bajo,28.97042857142857,28.592785714285714,29.39767857142857,21.562214285714287,21.831714285714284,21.757410714285715,24.49292857142857,24.810142857142857,24.91048214285714,83.66321428571429,83.01021428571428,81.38775,21.318357142857142,21.490785714285714,21.21482142857143,65.16428571428571,58.957142857142856,53.18214285714286,83.14285714285714,74.07142857142857,66.875
2022,36,337.0,12,4,True,600.75,1288.8,bajo,27.37664285714286,28.97042857142857,28.637249999999998,21.182642857142856,21.562214285714287,21.608696428571427,23.637785714285716,24.49292857142857,24.459732142857142,87.93864285714285,83.66321428571429,84.22191071428571,21.389785714285715,21.318357142857142,21.401785714285715,101.12142857142857,65.16428571428571,71.20892857142857,111.5,83.14285714285714,85.32142857142857
2022,37,267.0,12,4,True,583.25,1226.0,bajo,28.106142857142856,27.37664285714286,28.261499999999998,21.753071428571428,21.182642857142856,21.582410714285714,24.302214285714285,23.637785714285716,24.310767857142856,86.38771428571428,87.93864285714285,85.24994642857143,21.754,21.389785714285715,21.488232142857147,59.26428571428571,101.12142857142857,71.12678571428572,94.92857142857143,111.5,90.91071428571429
2022,38,224.0,12,4,True,570.5,1157.9,bajo,27.694928571428573,28.106142857142856,28.037035714285715,21.158142857142856,21.753071428571428,21.41401785714286,23.758,24.302214285714285,24.047732142857143,87.56114285714285,86.38771428571428,86.38767857142857,21.447928571428573,21.754,21.47751785714286,95.73571428571428,59.26428571428571,80.32142857142857,118.14285714285714,94.92857142857143,101.92857142857142
2022,39,186.0,12,4,True,503.0,1102.1000000000001,bajo,26.583571428571428,27.694928571428573,27.44032142857143,21.167357142857142,21.158142857142856,21.31530357142857,23.261285714285716,23.758,23.739821428571428,90.14292857142857,87.56114285714285,88.00760714285714,21.465142857142858,21.447928571428573,21.51421428571429,113.97142857142858,95.73571428571428,92.52321428571429,118.21428571428571,118.14285714285714,110.69642857142857
2022,40,242.0,12,4,True,488.25,1007.1,bajo,27.57542857142857,26.583571428571428,27.49001785714286,21.1705,21.167357142857142,21.312267857142857,23.71242857142857,23.261285714285716,23.758482142857144,87.102,90.14292857142857,87.79844642857142,21.27135714285714,21.465142857142858,21.484607142857143,101.92857142857143,113.97142857142858,92.72500000000001,110.07142857142857,118.21428571428571,110.33928571428571
2022,41,175.0,12,4,True,401.75,928.7,bajo,29.010142857142856,27.57542857142857,27.716017857142855,21.22757142857143,21.1705,21.180892857142858,24.62742857142857,23.71242857142857,23.839785714285714,79.55114285714286,87.102,86.08930357142856,20.61007142857143,21.27135714285714,21.198625,28.4,101.92857142857143,85.00892857142857,37.42857142857143,110.07142857142857,95.96428571428571
2022,42,193.0,12,4,True,354.5,693.2,bajo,27.001,29.010142857142856,27.542535714285716,21.1745,21.22757142857143,21.184982142857145,23.435642857142856,24.62742857142857,23.75919642857143,89.39792857142857,79.55114285714286,86.5485,21.503857142857143,20.61007142857143,21.212607142857145,192.02857142857144,28.4,109.08214285714286,99.92857142857143,37.42857142857143,91.41071428571429
2022,43,184.0,12,4,True,342.25,618.1,bajo,28.386642857142856,27.001,27.993303571428573,21.361285714285714,21.1745,21.233464285714284,24.231714285714286,23.435642857142856,24.00180357142857,84.61221428571429,89.39792857142857,85.16582142857143,21.294785714285716,21.503857142857143,21.17001785714286,44.392857142857146,192.02857142857144,91.68750000000001,75.92857142857143,99.92857142857143,80.83928571428572
2022,44,157.0,12,4,True,309.75,561.0,bajo,28.58985714285714,28.386642857142856,28.246910714285715,20.920357142857142,21.361285714285714,21.170928571428572,24.44907142857143,24.231714285714286,24.185964285714284,81.25507142857143,84.61221428571429,83.70408928571428,20.75,21.294785714285716,21.039678571428574,7.514285714285714,44.392857142857146,68.08392857142859,37.0,75.92857142857143,62.57142857142857
2022,45,146.0,12,4,True,303.0,445.8,bajo,28.65607142857143,28.58985714285714,28.158392857142857,20.75507142857143,20.920357142857142,21.05280357142857,24.3325,24.44907142857143,24.112232142857142,80.35721428571429,81.25507142857143,83.90560714285715,20.42342857142857,20.75,20.993017857142856,19.92142857142857,7.514285714285714,65.96428571428571,40.42857142857143,37.0,63.32142857142857
2022,46,94.0,12,4,True,267.5,429.80000000000007,bajo,28.084714285714284,28.65607142857143,28.429321428571427,20.460214285714287,20.75507142857143,20.874232142857142,23.809214285714287,24.3325,24.205625,81.26521428571428,80.35721428571429,81.87242857142857,20.1235,20.42342857142857,20.647928571428572,22.085714285714285,19.92142857142857,23.478571428571428,55.714285714285715,40.42857142857143,52.267857142857146
2022,47,66.0,12,4,True,240.25,295.90000000000003,bajo,30.24385714285714,28.084714285714284,28.893625,21.113285714285713,20.460214285714287,20.81223214285714,25.15007142857143,23.809214285714287,24.435214285714288,74.02028571428572,81.26521428571428,79.22444642857143,19.766285714285715,20.1235,20.26580357142857,2.942857142857143,22.085714285714285,13.116071428571429,12.142857142857142,55.714285714285715,36.32142857142857
2022,48,66.0,12,4,True,200.0,239.3,bajo,29.364428571428572,30.24385714285714,29.08726785714286,21.36435714285714,21.113285714285713,20.92323214285714,24.85407142857143,25.15007142857143,24.536464285714285,74.35721428571429,74.02028571428572,77.49998214285715,19.614285714285714,19.766285714285715,19.981875,8.014285714285714,2.942857142857143,13.241071428571427,24.428571428571427,12.142857142857142,33.17857142857142
2022,49,76.0,12,4,True,179.0,235.70000000000002,bajo,28.994857142857143,29.364428571428572,29.171964285714285,20.508214285714285,21.36435714285714,20.861517857142857,24.215285714285713,24.85407142857143,24.507160714285714,76.60207142857143,74.35721428571429,76.56119642857144,19.404071428571427,19.614285714285714,19.727035714285712,24.364285714285714,8.014285714285714,14.351785714285715,38.714285714285715,24.428571428571427,32.75
2022,50,50.0,12,4,True,174.5,222.20000000000002,bajo,29.878714285714285,28.994857142857143,29.620464285714284,19.45207142857143,20.508214285714285,20.609482142857143,24.06235714285714,24.215285714285713,24.57044642857143,66.98971428571429,76.60207142857143,72.99232142857143,16.943,19.404071428571427,18.931910714285713,0.40714285714285714,24.364285714285714,8.932142857142857,3.0,38.714285714285715,19.57142857142857
2022,51,0.0,12,4,True,143.5,200.8,bajo,29.62242857142857,29.878714285714285,29.465107142857143,19.732642857142856,19.45207142857143,20.264321428571428,24.313285714285715,24.06235714285714,24.36125,68.93878571428571,66.98971428571429,71.72194642857143,17.601142857142857,16.943,18.390625,0.85,0.40714285714285714,8.408928571428572,6.428571428571429,3.0,18.142857142857142
2023,2,69.0,12,4,True,141.25,158.2,bajo,30.882571428571428,30.25707142857143,30.444857142857142,20.548,19.581642857142857,19.934732142857143,25.210142857142856,24.405,24.707875,63.09178571428571,60.66314285714286,63.772892857142864,16.87664285714286,15.696785714285713,16.629875,0.4714285714285714,0.20714285714285716,0.48571428571428565,3.0,2.0,3.7857142857142856
2023,3,79.0,12,4,True,147.25,158.2,bajo,30.6715,30.882571428571428,30.707124999999998,20.814357142857144,20.548,20.205160714285714,25.204142857142855,25.210142857142856,24.930589285714287,60.479571428571425,63.09178571428571,61.65808928571429,16.366285714285713,16.87664285714286,16.321160714285714,1.7785714285714287,0.4714285714285714,0.717857142857143,10.857142857142858,3.0,4.892857142857143
2023,4,83.0,12,4,True,150.25,163.6,bajo,30.580714285714286,30.6715,30.59796428571429,18.163357142857144,20.814357142857144,19.77683928571429,23.939714285714285,25.204142857142855,24.68975,60.979642857142856,60.479571428571425,61.303535714285715,14.834785714285715,16.366285714285713,15.943625,0.1,1.7785714285714287,0.6392857142857143,1.0,10.857142857142858,4.214285714285714
2023,5,89.0,12,4,True,153.5,164.6,bajo,32.297,30.580714285714286,31.10794642857143,20.22142857142857,18.163357142857144,19.936785714285715,25.731714285714286,23.939714285714285,25.021428571428572,56.61214285714286,60.979642857142856,60.29078571428571,15.254,14.834785714285715,15.832928571428571,0.34285714285714286,0.1,0.6732142857142858,1.5,1.0,4.089285714285714
2023,6,87.0,12,4,True,162.0,170.4,bajo,32.896857142857144,32.297,31.611517857142857,20.233714285714285,20.22142857142857,19.858214285714286,25.99592857142857,25.731714285714286,25.217875,53.75514285714286,56.61214285714286,57.956625,14.64,15.254,15.273767857142857,0.16428571428571428,0.34285714285714286,0.5964285714285714,1.0714285714285714,1.5,3.607142857142857
2023,7,98.0,12,4,True,163.5,172.8,bajo,32.95407142857143,32.896857142857144,32.182160714285715,20.484785714285714,20.233714285714285,19.775821428571426,26.15207142857143,25.99592857142857,25.454857142857144,53.928642857142854,53.75514285714286,56.318892857142856,14.97557142857143,14.64,14.926089285714285,0.16428571428571428,0.16428571428571428,0.19285714285714284,1.3571428571428572,1.0714285714285714,1.2321428571428572
2023,8,94.0,12,4,True,162.75,203.4,bajo,32.22242857142857,32.95407142857143,32.59258928571428,20.367214285714287,20.484785714285714,20.326785714285716,25.661142857142856,26.15207142857143,25.885214285714284,54.88778571428571,53.928642857142854,54.79592857142857,14.885785714285714,14.97557142857143,14.938839285714284,0.0,0.16428571428571428,0.16785714285714284,0.0,1.3571428571428572,0.9821428571428571
2023,9,70.0,12,4,True,178.5,216.9,bajo,32.79892857142857,32.22242857142857,32.71807142857143,20.670428571428573,20.367214285714287,20.439035714285716,26.237714285714286,25.661142857142856,26.011714285714287,52.83678571428572,54.88778571428571,53.852089285714285,14.563285714285714,14.885785714285714,14.766160714285714,0.6285714285714286,0.0,0.23928571428571427,4.714285714285714,0.0,1.7857142857142858
2023,10,112.0,12,4,True,193.5,266.40000000000003,bajo,32.42442857142857,32.79892857142857,32.599964285714286,20.932785714285714,20.670428571428573,20.613803571428573,25.936714285714285,26.237714285714286,25.996910714285715,63.051071428571426,52.83678571428572,56.176071428571426,17.321357142857142,14.563285714285714,15.436499999999999,0.05,0.6285714285714286,0.21071428571428572,0.42857142857142855,4.714285714285714,1.625
2023,11,107.0,12,4,True,210.0,348.6,bajo,31.840785714285715,32.42442857142857,32.321642857142855,21.657071428571427,20.932785714285714,20.906875,26.015428571428572,25.936714285714285,25.96275,61.428642857142854,63.051071428571426,58.051071428571426,17.108285714285714,17.321357142857142,15.96967857142857,3.4714285714285715,0.05,1.0375,22.357142857142858,0.42857142857142855,6.875
2023,12,90.0,12,4,True,231.0,369.6,bajo,31.421285714285716,31.840785714285715,32.12135714285714,21.519357142857142,21.657071428571427,21.194910714285715,25.765357142857145,26.015428571428572,25.98880357142857,68.46928571428572,61.428642857142854,61.44644642857143,18.79492857142857,17.108285714285714,16.946964285714287,10.107142857142858,3.4714285714285715,3.5642857142857145,32.214285714285715,22.357142857142858,14.928571428571429
2023,13,199.0,12,4,True,218.75,389.9,bajo,32.9335,31.421285714285716,32.155,22.10814285714286,21.519357142857142,21.554339285714285,26.928571428571427,25.765357142857145,26.161517857142858,58.612071428571426,68.46928571428572,62.89026785714286,17.140785714285716,18.79492857142857,17.591339285714284,5.45,10.107142857142858,4.769642857142857,12.642857142857142,32.214285714285715,16.910714285714285
2023,14,101.0,12,4,True,224.0,401.0,bajo,33.645857142857146,32.9335,32.46035714285715,22.1265,22.10814285714286,21.852767857142858,27.297,26.928571428571427,26.501589285714285,55.45921428571429,58.612071428571426,60.99230357142857,16.135571428571428,17.140785714285716,17.294892857142855,1.5214285714285714,5.45,5.1375,8.714285714285714,12.642857142857142,18.982142857142854
2023,15,34.0,12,4,True,222.5,428.0,bajo,33.867357142857145,33.645857142857146,32.967000000000006,22.033714285714286,22.1265,21.94692857142857,27.473285714285716,27.297,26.866053571428573,54.479571428571425,55.45921428571429,59.25503571428572,16.139785714285715,16.135571428571428,17.052767857142854,0.6214285714285714,1.5214285714285714,4.425,4.928571428571429,8.714285714285714,14.625000000000002
2023,16,118.0,12,4,True,234.75,506.70000000000005,bajo,34.10507142857143,33.867357142857145,33.63794642857143,22.652142857142856,22.033714285714286,22.230125,27.805071428571427,27.473285714285716,27.375982142857143,53.1225,54.479571428571425,55.41833928571429,16.048928571428572,16.139785714285715,16.36626785714286,1.3857142857142857,0.6214285714285714,2.2446428571428574,7.571428571428571,4.928571428571429,8.464285714285714
2023,17,104.0,12,4,True,277.25,543.8,bajo,32.229571428571425,34.10507142857143,33.46196428571429,23.236785714285713,22.652142857142856,22.512285714285714,26.98257142857143,27.805071428571427,27.389482142857144,67.051,53.1225,57.52807142857142,19.738785714285715,16.048928571428572,17.01576785714286,14.435714285714285,1.3857142857142857,4.491071428571429,55.92857142857143,7.571428571428571,19.285714285714285
2023,18,137.0,12,4,True,272.25,541.8000000000001,bajo,30.963285714285714,32.229571428571425,32.79132142857143,22.725428571428573,23.236785714285713,22.662017857142857,26.297,26.98257142857143,27.139482142857144,73.806,67.051,62.11476785714285,20.876428571428573,19.738785714285715,18.200982142857143,17.8,14.435714285714285,8.560714285714287,61.857142857142854,55.92857142857143,32.57142857142857
2023,19,99.0,12,4,True,283.25,484.1,bajo,33.90207142857143,30.963285714285714,32.8,23.55707142857143,22.725428571428573,23.04285714285714,28.14292857142857,26.297,27.306892857142856,65.40821428571428,73.806,64.84692857142858,20.035785714285716,20.876428571428573,19.174982142857147,13.778571428571428,17.8,11.850000000000001,25.285714285714285,61.857142857142854,37.660714285714285
2023,20,142.0,12,4,True,307.25,484.1,bajo,33.51314285714286,33.90207142857143,32.65201785714286,23.457071428571428,23.55707142857143,23.244089285714285,27.889714285714287,28.14292857142857,27.328053571428573,65.58164285714285,65.40821428571428,67.96171428571428,19.978714285714286,20.035785714285716,20.15742857142857,15.814285714285715,13.778571428571428,15.457142857142859,37.5,25.285714285714285,45.14285714285714
2023,21,138.0,12,4,True,307.25,566.9000000000001,bajo,33.529714285714284,33.51314285714286,32.97705357142857,23.612142857142857,23.457071428571428,23.33792857142857,27.969285714285714,27.889714285714287,27.574732142857144,66.88764285714285,65.58164285714285,67.920875,20.454142857142855,19.978714285714286,20.336267857142857,14.971428571428572,15.814285714285715,15.591071428571428,36.785714285714285,37.5,40.357142857142854
2023,22,124.0,12,4,True,407.0,615.8,bajo,32.65707142857143,33.529714285714284,33.400499999999994,23.435714285714287,23.612142857142857,23.5155,27.44607142857143,27.969285714285714,27.862000000000002,68.68378571428572,66.88764285714285,66.64032142857143,20.39392857142857,20.454142857142855,20.215642857142857,15.835714285714285,14.971428571428572,15.100000000000001,37.214285714285715,36.785714285714285,34.19642857142857
2023,23,144.0,12,4,True,414.25,607.9000000000001,bajo,29.94392857142857,32.65707142857143,32.410964285714286,22.925428571428572,23.435714285714287,23.357589285714283,25.841857142857144,27.44607142857143,27.286732142857147,80.102,68.68378571428572,70.31376785714286,21.876428571428573,20.39392857142857,20.675803571428574,52.892857142857146,15.835714285714285,24.878571428571426,91.57142857142857,37.214285714285715,50.76785714285714
2023,24,142.0,12,4,True,463.75,534.1,bajo,29.890857142857143,29.94392857142857,31.50539285714286,22.673571428571428,22.925428571428572,23.161714285714282,25.645857142857142,25.841857142857144,26.72576785714286,80.89785714285715,80.102,74.14282142857142,21.900928571428572,21.876428571428573,21.156357142857146,30.442857142857143,52.892857142857146,28.535714285714285,68.07142857142857,91.57142857142857,58.41071428571428
2023,25,178.0,12,4,True,515.25,571.2,bajo,31.189785714285716,29.890857142857143,30.920410714285715,22.99685714285714,22.673571428571428,23.007892857142856,26.35607142857143,25.645857142857142,26.322464285714286,79.6735,80.89785714285715,77.33928571428572,22.262285714285714,21.900928571428572,21.608392857142857,42.635714285714286,30.442857142857143,35.45178571428572,53.142857142857146,68.07142857142857,62.49999999999999
2023,26,139.0,12,4,True,546.5,702.8000000000001,bajo,30.37335714285714,31.189785714285716,30.349482142857145,22.794857142857143,22.99685714285714,22.84767857142857,25.87757142857143,26.35607142857143,25.930339285714286,79.38771428571428,79.6735,80.01526785714285,21.707142857142856,22.262285714285714,21.936696428571427,68.8,42.635714285714286,48.69285714285714,84.57142857142857,53.142857142857146,74.33928571428571
2023,27,147.0,12,4,True,610.5,900.6000000000001,bajo,30.363285714285713,30.37335714285714,30.45432142857143,22.6245,22.794857142857143,22.772446428571428,25.995857142857144,25.87757142857143,25.96883928571429,79.33671428571428,79.38771428571428,79.82394642857143,21.800071428571428,21.707142857142856,21.917607142857143,40.785714285714285,68.8,45.66607142857143,62.0,84.57142857142857,66.94642857142857
2023,28,158.0,12,4,True,632.25,1021.8000000000001,bajo,29.503071428571428,30.363285714285713,30.357375,22.604,22.6245,22.755053571428572,25.423357142857142,25.995857142857144,25.913214285714286,82.23478571428572,79.33671428571428,80.15817857142858,21.908142857142856,21.800071428571428,21.91941071428571,92.44285714285714,40.785714285714285,61.16607142857143,89.71428571428571,62.0,72.35714285714286
2023,29,172.0,12,4,True,660.25,1184.2,bajo,31.235714285714284,29.503071428571428,30.36885714285714,23.032714285714285,22.604,22.76401785714286,26.623571428571427,25.423357142857142,25.980089285714286,76.07135714285714,82.23478571428572,79.25764285714286,21.702,21.908142857142856,21.779339285714286,20.514285714285716,92.44285714285714,55.63571428571428,27.142857142857142,89.71428571428571,65.85714285714286
2023,30,0.0,12,4,True,514.75,1132.9,bajo,32.393,31.235714285714284,30.873767857142855,23.329714285714285,23.032714285714285,22.897732142857144,27.2765,26.623571428571427,26.329821428571428,70.43878571428571,76.07135714285714,77.02041071428572,20.960142857142856,21.702,21.592589285714286,16.84285714285714,20.514285714285716,42.64642857142857,22.714285714285715,27.142857142857142,50.392857142857146
2023,31,281.0,12,4,True,491.25,1377.0000000000005,bajo,32.43478571428572,32.393,31.391642857142855,22.994785714285715,23.329714285714285,22.99030357142857,26.95392857142857,27.2765,26.569339285714285,72.47957142857143,70.43878571428571,75.306125,20.987642857142855,20.960142857142856,21.389482142857144,56.92857142857143,16.84285714285714,46.682142857142864,45.92857142857143,22.714285714285715,46.375
2023,32,152.0,12,4,True,478.75,1063.6000000000004,bajo,31.4735,32.43478571428572,31.88425,22.946928571428572,22.994785714285715,23.076035714285712,26.3785,26.95392857142857,26.808124999999997,79.09178571428572,72.47957142857143,74.520375,22.052,20.987642857142855,21.425446428571426,64.37142857142857,56.92857142857143,39.66428571428571,47.42857142857143,45.92857142857143,35.80357142857143
2023,33,95.0,12,4,True,617.25,1167.6,bajo,31.722357142857142,31.4735,32.00591071428571,23.725571428571428,22.946928571428572,23.24925,27.19607142857143,26.3785,26.951249999999998,74.84692857142858,79.09178571428572,74.21426785714286,21.984571428571428,22.052,21.496089285714284,20.642857142857142,64.37142857142857,39.69642857142857,44.5,47.42857142857143,40.14285714285714
2023,34,110.0,12,4,True,617.25,1167.6,bajo,31.367285714285714,31.722357142857142,31.749482142857143,22.959142857142858,23.725571428571428,23.15660714285714,26.705214285714284,27.19607142857143,26.80842857142857,74.00007142857143,74.84692857142858,75.1045892857143,21.178642857142858,21.984571428571428,21.550714285714285,36.207142857142856,20.642857142857142,44.5375,40.42857142857143,44.5,44.57142857142857
2023,35,115.0,12,4,True,557.75,1282.7,bajo,29.37857142857143,31.367285714285714,30.98542857142857,22.744,22.959142857142858,23.093910714285713,25.656142857142857,26.705214285714284,26.48398214285714,80.06128571428572,74.00007142857143,77.00001785714286,21.591785714285713,21.178642857142858,21.701749999999997,107.29285714285714,36.207142857142856,57.128571428571426,91.28571428571429,40.42857142857143,55.91071428571429
2023,36,95.0,12,4,True,600.75,1288.8,bajo,30.134714285714285,29.37857142857143,30.65073214285714,22.972428571428573,22.744,23.10028571428571,25.82557142857143,25.656142857142857,26.345750000000002,83.53057142857143,80.06128571428572,78.10971428571429,22.607214285714285,21.591785714285713,21.840553571428572,43.107142857142854,107.29285714285714,51.8125,67.0,91.28571428571429,60.80357142857143
2023,37,98.0,12,4,True,583.25,1226.0,bajo,30.793857142857142,30.134714285714285,30.41860714285714,22.809285714285714,22.972428571428573,22.871214285714288,26.26214285714286,25.82557142857143,26.11226785714286,78.6735,83.53057142857143,79.06635714285714,21.94092857142857,22.607214285714285,21.829642857142858,30.27857142857143,43.107142857142854,54.221428571428575,56.642857142857146,67.0,63.839285714285715
2023,38,108.0,12,4,True,570.5,1157.9,bajo,31.084642857142857,30.793857142857142,30.347946428571426,22.936785714285715,22.809285714285714,22.865625,26.499,26.26214285714286,26.060714285714287,77.245,78.6735,79.8775892857143,21.803071428571428,21.94092857142857,21.98575,39.68571428571428,30.27857142857143,55.09107142857143,60.42857142857143,56.642857142857146,68.83928571428571
2023,39,102.0,12,4,True,503.0,1102.1000000000001,bajo,31.27857142857143,31.084642857142857,30.822946428571427,22.880642857142856,22.936785714285715,22.899785714285716,26.4775,26.499,26.26605357142857,76.21435714285714,77.245,78.91585714285715,21.511214285714285,21.803071428571428,21.965607142857145,41.1,39.68571428571428,38.542857142857144,44.5,60.42857142857143,57.14285714285714
2023,40,119.0,12,4,True,488.25,1007.1,bajo,30.64185714285714,31.27857142857143,30.949732142857144,22.778642857142856,22.880642857142856,22.851339285714285,25.85007142857143,26.4775,26.27217857142857,81.11228571428572,76.21435714285714,78.3112857142857,22.09792857142857,21.511214285714285,21.838285714285714,53.871428571428574,41.1,41.23392857142857,71.78571428571429,44.5,58.33928571428572
2023,41,132.0,12,4,True,401.75,928.7,bajo,29.948857142857143,30.64185714285714,30.738482142857144,22.691785714285714,22.778642857142856,22.821964285714287,25.5745,25.85007142857143,26.100267857142857,83.05092857142857,81.11228571428572,79.40564285714285,22.26835714285714,22.09792857142857,21.920142857142856,77.04285714285714,53.871428571428574,52.925,85.57142857142857,71.78571428571429,65.57142857142857
2023,42,152.0,12,4,True,354.5,693.2,bajo,28.81942857142857,29.948857142857143,30.172178571428574,22.504142857142856,22.691785714285714,22.71380357142857,24.990785714285714,25.5745,25.723214285714285,85.95921428571428,83.05092857142857,81.58419642857143,22.341857142857144,22.26835714285714,22.054839285714287,55.22142857142857,77.04285714285714,56.808928571428574,97.42857142857143,85.57142857142857,74.82142857142857
2023,43,126.0,12,4,True,342.25,618.1,bajo,28.852071428571428,28.81942857142857,29.565553571428573,21.591785714285713,22.504142857142856,22.391589285714282,24.568285714285715,24.990785714285714,25.245910714285714,78.73471428571429,85.95921428571428,82.21428571428571,20.36642857142857,22.341857142857144,21.768642857142858,44.957142857142856,55.22142857142857,57.77321428571428,70.64285714285714,97.42857142857143,81.35714285714286
2023,44,88.0,12,4,True,309.75,561.0,bajo,29.410214285714286,28.852071428571428,29.257642857142855,22.216214285714287,21.591785714285713,22.250982142857143,25.077571428571428,24.568285714285715,25.052785714285715,82.88785714285714,78.73471428571429,82.65817857142858,21.74592857142857,20.36642857142857,21.680642857142857,63.59285714285714,44.957142857142856,60.20357142857142,78.71428571428571,70.64285714285714,83.08928571428571
2023,45,107.0,12,4,True,303.0,445.8,bajo,26.506285714285713,29.410214285714286,28.397,21.103214285714287,22.216214285714287,21.853839285714287,23.216214285714287,25.077571428571428,24.463214285714287,86.74485714285714,82.88785714285714,83.5816607142857,20.75207142857143,21.74592857142857,21.301571428571428,97.48571428571428,63.59285714285714,65.3142857142857,107.85714285714286,78.71428571428571,88.66071428571428
2023,46,123.0,12,4,True,267.5,429.80000000000007,bajo,29.111142857142855,26.506285714285713,28.469928571428568,22.101928571428573,21.103214285714287,21.753285714285717,24.97142857142857,23.216214285714287,24.458375,84.0,86.74485714285714,83.09185714285715,21.8695,20.75207142857143,21.183482142857144,50.35,97.48571428571428,64.09642857142858,59.92857142857143,107.85714285714286,79.28571428571428
2023,47,114.0,12,4,True,240.25,295.90000000000003,bajo,29.59392857142857,29.111142857142855,28.655392857142857,22.085714285714285,22.101928571428573,21.87676785714286,25.1795,24.97142857142857,24.611178571428574,79.30614285714286,84.0,83.23471428571429,21.088785714285713,21.8695,21.364071428571428,23.271428571428572,50.35,58.675,37.42857142857143,59.92857142857143,70.98214285714286
2023,48,128.0,12,4,True,200.0,239.3,bajo,29.4185,29.59392857142857,28.657464285714283,20.398,22.085714285714285,21.422214285714286,24.596785714285716,25.1795,24.490982142857145,76.6735,79.30614285714286,81.681125,19.810142857142857,21.088785714285713,20.880125,5.107142857142857,23.271428571428572,44.05357142857143,16.357142857142858,37.42857142857143,55.392857142857146
2023,49,97.0,12,4,True,179.0,235.70000000000002,bajo,31.327571428571428,29.4185,29.862785714285717,21.567214285714286,20.398,21.538214285714286,25.968357142857144,24.596785714285716,25.17901785714286,70.22471428571428,76.6735,77.55108928571428,19.569357142857143,19.810142857142857,20.584446428571425,0.22142857142857142,5.107142857142857,19.7375,2.142857142857143,16.357142857142858,28.964285714285715
2023,50,131.0,12,4,True,174.5,222.20000000000002,bajo,31.62742857142857,31.327571428571428,30.491857142857143,21.640857142857143,21.567214285714286,21.42294642857143,26.116357142857144,25.968357142857144,25.46525,66.71428571428571,70.22471428571428,73.22966071428571,18.869214285714285,19.569357142857143,19.834375,0.2785714285714286,0.22142857142857142,7.2196428571428575,2.2142857142857144,2.142857142857143,14.535714285714288
2023,51,0.0,12,4,True,143.5,200.8,bajo,31.451,31.62742857142857,30.956125,21.899,21.640857142857143,21.376267857142857,25.97142857142857,26.116357142857144,25.663232142857144,62.102,66.71428571428571,68.928625,17.70207142857143,18.869214285714285,18.98769642857143,0.22142857142857142,0.2785714285714286,1.457142857142857,1.7857142857142858,2.2142857142857144,5.625
